id,invs_yr,invs_dsrt,invs_area_nm,dnf_src_nm,qtmt_nm,iem_nm,iem_cnt,meter_per_iem_cnt,adm_zn_nm,qtmt_cd,iem_cd,invs_ymd,cst_nm,str_la,str_lo,end_la,end_lo
1,2022.0,4차,거제두모,국내기인,플라스틱류,"통발, 장어통발용 미끼통",0,0,경남,PL,PL_2_11,2.0220731E7,남해안,34.980383,128.694822,34.981023,128.695034
2,2022.0,4차,거제두모,국내기인,플라스틱류,비닐봉지,80,4,경남,PL,PL_2_31,2.0220731E7,남해안,34.980383,128.694822,34.981023,128.695034
3,2022.0,4차,거제두모,국내기인,플라스틱류,"비닐포장(빙과류, 과자봉지 등)",78,3.9,경남,PL,PL_2_32,2.0220731E7,남해안,34.980383,128.694822,34.981023,128.695034
4,2022.0,4차,거제두모,국내기인,플라스틱류,필름형 풍선,0,0,경남,PL,PL_2_33,2.0220731E7,남해안,34.980383,128.694822,34.981023,128.695034
5,2022.0,4차,거제두모,국내기인,플라스틱류,"밧줄(꼬인 것, 어업용)",124,6.2,경남,PL,PL_2_25,2.0220731E7,남해안,34.980383,128.694822,34.981023,128.695034
6,2022.0,4차,거제두모,국내기인,플라스틱류,그물,0,0,경남,PL,PL_2_26,2.0220731E7,남해안,34.980383,128.694822,34.981023,128.695034
7,2022.0,4차,거제두모,국내기인,플라스틱류,낚싯줄,1,0.05,경남,PL,PL_2_27,2.0220731E7,남해안,34.980383,128.694822,34.981023,128.695034
8,2022.0,4차,거제두모,외국기인,플라스틱류,그물,0,0,경남,PL,PL_2_49,2.0220731E7,남해안,34.980383,128.694822,34.981023,128.695034
337,2022.0,5차,거제두모,국내기인,플라스틱류,"통발, 장어통발용 미끼통",0,0,경남,PL,PL_2_11,2.022093E7,남해안,34.980383,128.694822,34.981023,128.695034
338,2022.0,5차,거제두모,국내기인,플라스틱류,비닐봉지,41,2.05,경남,PL,PL_2_31,2.022093E7,남해안,34.980383,128.694822,34.981023,128.695034
339,2022.0,5차,거제두모,국내기인,플라스틱류,"비닐포장(빙과류, 과자봉지 등)",9,0.45,경남,PL,PL_2_32,2.022093E7,남해안,34.980383,128.694822,34.981023,128.695034
340,2022.0,5차,거제두모,국내기인,플라스틱류,필름형 풍선,0,0,경남,PL,PL_2_33,2.022093E7,남해안,34.980383,128.694822,34.981023,128.695034
341,2022.0,5차,거제두모,국내기인,플라스틱류,"밧줄(꼬인 것, 어업용)",44,2.2,경남,PL,PL_2_25,2.022093E7,남해안,34.980383,128.694822,34.981023,128.695034
342,2022.0,5차,거제두모,국내기인,플라스틱류,그물,0,0,경남,PL,PL_2_26,2.022093E7,남해안,34.980383,128.694822,34.981023,128.695034
343,2022.0,5차,거제두모,국내기인,플라스틱류,낚싯줄,0,0,경남,PL,PL_2_27,2.022093E7,남해안,34.980383,128.694822,34.981023,128.695034
344,2022.0,5차,거제두모,외국기인,플라스틱류,그물,0,0,경남,PL,PL_2_49,2.022093E7,남해안,34.980383,128.694822,34.981023,128.695034
113,2022.0,6차,거제두모,국내기인,플라스틱류,"통발, 장어통발용 미끼통",0,0,경남,PL,PL_2_11,2.022113E7,남해안,34.980383,128.694822,34.981023,128.695034
114,2022.0,6차,거제두모,국내기인,플라스틱류,비닐봉지,65,3.25,경남,PL,PL_2_31,2.022113E7,남해안,34.980383,128.694822,34.981023,128.695034
115,2022.0,6차,거제두모,국내기인,플라스틱류,"비닐포장(빙과류, 과자봉지 등)",14,0.7,경남,PL,PL_2_32,2.022113E7,남해안,34.980383,128.694822,34.981023,128.695034
116,2022.0,6차,거제두모,국내기인,플라스틱류,필름형 풍선,0,0,경남,PL,PL_2_33,2.022113E7,남해안,34.980383,128.694822,34.981023,128.695034
117,2022.0,6차,거제두모,국내기인,플라스틱류,"밧줄(꼬인 것, 어업용)",33,1.65,경남,PL,PL_2_25,2.022113E7,남해안,34.980383,128.694822,34.981023,128.695034
118,2022.0,6차,거제두모,국내기인,플라스틱류,그물,0,0,경남,PL,PL_2_26,2.022113E7,남해안,34.980383,128.694822,34.981023,128.695034
119,2022.0,6차,거제두모,국내기인,플라스틱류,낚싯줄,2,0.1,경남,PL,PL_2_27,2.022113E7,남해안,34.980383,128.694822,34.981023,128.695034
120,2022.0,6차,거제두모,외국기인,플라스틱류,그물,0,0,경남,PL,PL_2_49,2.022113E7,남해안,34.980383,128.694822,34.981023,128.695034
449,2022.0,3차,거제두모,국내기인,플라스틱류,"통발, 장어통발용 미끼통",6,0.3,경남,PL,PL_2_11,2.0220531E7,남해안,34.980383,128.694822,34.981023,128.695034
450,2022.0,3차,거제두모,국내기인,플라스틱류,비닐봉지,127,6.35,경남,PL,PL_2_31,2.0220531E7,남해안,34.980383,128.694822,34.981023,128.695034
451,2022.0,3차,거제두모,국내기인,플라스틱류,"비닐포장(빙과류, 과자봉지 등)",43,2.15,경남,PL,PL_2_32,2.0220531E7,남해안,34.980383,128.694822,34.981023,128.695034
452,2022.0,3차,거제두모,국내기인,플라스틱류,필름형 풍선,0,0,경남,PL,PL_2_33,2.0220531E7,남해안,34.980383,128.694822,34.981023,128.695034
453,2022.0,3차,거제두모,국내기인,플라스틱류,"밧줄(꼬인 것, 어업용)",81,4.05,경남,PL,PL_2_25,2.0220531E7,남해안,34.980383,128.694822,34.981023,128.695034
454,2022.0,3차,거제두모,국내기인,플라스틱류,그물,0,0,경남,PL,PL_2_26,2.0220531E7,남해안,34.980383,128.694822,34.981023,128.695034
455,2022.0,3차,거제두모,국내기인,플라스틱류,낚싯줄,2,0.1,경남,PL,PL_2_27,2.0220531E7,남해안,34.980383,128.694822,34.981023,128.695034
456,2022.0,3차,거제두모,외국기인,플라스틱류,그물,0,0,경남,PL,PL_2_49,2.0220531E7,남해안,34.980383,128.694822,34.981023,128.695034
225,2022.0,2차,거제두모,국내기인,플라스틱류,"통발, 장어통발용 미끼통",0,0,경남,PL,PL_2_11,2.0220331E7,남해안,34.980383,128.694822,34.981023,128.695034
226,2022.0,2차,거제두모,국내기인,플라스틱류,비닐봉지,44,2.2,경남,PL,PL_2_31,2.0220331E7,남해안,34.980383,128.694822,34.981023,128.695034
227,2022.0,2차,거제두모,국내기인,플라스틱류,"비닐포장(빙과류, 과자봉지 등)",15,0.75,경남,PL,PL_2_32,2.0220331E7,남해안,34.980383,128.694822,34.981023,128.695034
228,2022.0,2차,거제두모,국내기인,플라스틱류,필름형 풍선,2,0.1,경남,PL,PL_2_33,2.0220331E7,남해안,34.980383,128.694822,34.981023,128.695034
229,2022.0,2차,거제두모,국내기인,플라스틱류,"밧줄(꼬인 것, 어업용)",50,2.5,경남,PL,PL_2_25,2.0220331E7,남해안,34.980383,128.694822,34.981023,128.695034
230,2022.0,2차,거제두모,국내기인,플라스틱류,그물,0,0,경남,PL,PL_2_26,2.0220331E7,남해안,34.980383,128.694822,34.981023,128.695034
231,2022.0,2차,거제두모,국내기인,플라스틱류,낚싯줄,1,0.05,경남,PL,PL_2_27,2.0220331E7,남해안,34.980383,128.694822,34.981023,128.695034
232,2022.0,2차,거제두모,외국기인,플라스틱류,그물,0,0,경남,PL,PL_2_49,2.0220331E7,남해안,34.980383,128.694822,34.981023,128.695034
9,2022.0,4차,고흥신흥,국내기인,플라스틱류,"통발, 장어통발용 미끼통",0,0,전남,PL,PL_2_11,2.0220731E7,남해안,34.584309,127.145063,34.586191,127.145855
10,2022.0,4차,고흥신흥,국내기인,플라스틱류,비닐봉지,1,0.05,전남,PL,PL_2_31,2.0220731E7,남해안,34.584309,127.145063,34.586191,127.145855
11,2022.0,4차,고흥신흥,국내기인,플라스틱류,"비닐포장(빙과류, 과자봉지 등)",0,0,전남,PL,PL_2_32,2.0220731E7,남해안,34.584309,127.145063,34.586191,127.145855
12,2022.0,4차,고흥신흥,국내기인,플라스틱류,필름형 풍선,0,0,전남,PL,PL_2_33,2.0220731E7,남해안,34.584309,127.145063,34.586191,127.145855
13,2022.0,4차,고흥신흥,국내기인,플라스틱류,"밧줄(꼬인 것, 어업용)",14,0.7,전남,PL,PL_2_25,2.0220731E7,남해안,34.584309,127.145063,34.586191,127.145855
14,2022.0,4차,고흥신흥,국내기인,플라스틱류,그물,0,0,전남,PL,PL_2_26,2.0220731E7,남해안,34.584309,127.145063,34.586191,127.145855
15,2022.0,4차,고흥신흥,국내기인,플라스틱류,낚싯줄,0,0,전남,PL,PL_2_27,2.0220731E7,남해안,34.584309,127.145063,34.586191,127.145855
16,2022.0,4차,고흥신흥,외국기인,플라스틱류,그물,0,0,전남,PL,PL_2_49,2.0220731E7,남해안,34.584309,127.145063,34.586191,127.145855
345,2022.0,5차,고흥신흥,국내기인,플라스틱류,"통발, 장어통발용 미끼통",0,0,전남,PL,PL_2_11,2.022093E7,남해안,34.584309,127.145063,34.586191,127.145855
346,2022.0,5차,고흥신흥,국내기인,플라스틱류,비닐봉지,0,0,전남,PL,PL_2_31,2.022093E7,남해안,34.584309,127.145063,34.586191,127.145855
347,2022.0,5차,고흥신흥,국내기인,플라스틱류,"비닐포장(빙과류, 과자봉지 등)",0,0,전남,PL,PL_2_32,2.022093E7,남해안,34.584309,127.145063,34.586191,127.145855
348,2022.0,5차,고흥신흥,국내기인,플라스틱류,필름형 풍선,0,0,전남,PL,PL_2_33,2.022093E7,남해안,34.584309,127.145063,34.586191,127.145855
349,2022.0,5차,고흥신흥,국내기인,플라스틱류,"밧줄(꼬인 것, 어업용)",9,0.45,전남,PL,PL_2_25,2.022093E7,남해안,34.584309,127.145063,34.586191,127.145855
350,2022.0,5차,고흥신흥,국내기인,플라스틱류,그물,0,0,전남,PL,PL_2_26,2.022093E7,남해안,34.584309,127.145063,34.586191,127.145855
351,2022.0,5차,고흥신흥,국내기인,플라스틱류,낚싯줄,0,0,전남,PL,PL_2_27,2.022093E7,남해안,34.584309,127.145063,34.586191,127.145855
352,2022.0,5차,고흥신흥,외국기인,플라스틱류,그물,0,0,전남,PL,PL_2_49,2.022093E7,남해안,34.584309,127.145063,34.586191,127.145855
121,2022.0,6차,고흥신흥,국내기인,플라스틱류,"통발, 장어통발용 미끼통",2,0.1,전남,PL,PL_2_11,2.022113E7,남해안,34.584309,127.145063,34.586191,127.145855
122,2022.0,6차,고흥신흥,국내기인,플라스틱류,비닐봉지,1,0.05,전남,PL,PL_2_31,2.022113E7,남해안,34.584309,127.145063,34.586191,127.145855
123,2022.0,6차,고흥신흥,국내기인,플라스틱류,"비닐포장(빙과류, 과자봉지 등)",2,0.1,전남,PL,PL_2_32,2.022113E7,남해안,34.584309,127.145063,34.586191,127.145855
124,2022.0,6차,고흥신흥,국내기인,플라스틱류,필름형 풍선,0,0,전남,PL,PL_2_33,2.022113E7,남해안,34.584309,127.145063,34.586191,127.145855
125,2022.0,6차,고흥신흥,국내기인,플라스틱류,"밧줄(꼬인 것, 어업용)",16,0.8,전남,PL,PL_2_25,2.022113E7,남해안,34.584309,127.145063,34.586191,127.145855
126,2022.0,6차,고흥신흥,국내기인,플라스틱류,그물,0,0,전남,PL,PL_2_26,2.022113E7,남해안,34.584309,127.145063,34.586191,127.145855
127,2022.0,6차,고흥신흥,국내기인,플라스틱류,낚싯줄,0,0,전남,PL,PL_2_27,2.022113E7,남해안,34.584309,127.145063,34.586191,127.145855
128,2022.0,6차,고흥신흥,외국기인,플라스틱류,그물,0,0,전남,PL,PL_2_49,2.022113E7,남해안,34.584309,127.145063,34.586191,127.145855
457,2022.0,3차,고흥신흥,국내기인,플라스틱류,"통발, 장어통발용 미끼통",0,0,전남,PL,PL_2_11,2.0220531E7,남해안,34.584309,127.145063,34.586191,127.145855
458,2022.0,3차,고흥신흥,국내기인,플라스틱류,비닐봉지,0,0,전남,PL,PL_2_31,2.0220531E7,남해안,34.584309,127.145063,34.586191,127.145855
459,2022.0,3차,고흥신흥,국내기인,플라스틱류,"비닐포장(빙과류, 과자봉지 등)",3,0.15,전남,PL,PL_2_32,2.0220531E7,남해안,34.584309,127.145063,34.586191,127.145855
460,2022.0,3차,고흥신흥,국내기인,플라스틱류,필름형 풍선,0,0,전남,PL,PL_2_33,2.0220531E7,남해안,34.584309,127.145063,34.586191,127.145855
461,2022.0,3차,고흥신흥,국내기인,플라스틱류,"밧줄(꼬인 것, 어업용)",8,0.4,전남,PL,PL_2_25,2.0220531E7,남해안,34.584309,127.145063,34.586191,127.145855
462,2022.0,3차,고흥신흥,국내기인,플라스틱류,그물,0,0,전남,PL,PL_2_26,2.0220531E7,남해안,34.584309,127.145063,34.586191,127.145855
463,2022.0,3차,고흥신흥,국내기인,플라스틱류,낚싯줄,0,0,전남,PL,PL_2_27,2.0220531E7,남해안,34.584309,127.145063,34.586191,127.145855
464,2022.0,3차,고흥신흥,외국기인,플라스틱류,그물,0,0,전남,PL,PL_2_49,2.0220531E7,남해안,34.584309,127.145063,34.586191,127.145855
233,2022.0,2차,고흥신흥,국내기인,플라스틱류,"통발, 장어통발용 미끼통",0,0,전남,PL,PL_2_11,2.0220331E7,남해안,34.584309,127.145063,34.586191,127.145855
234,2022.0,2차,고흥신흥,국내기인,플라스틱류,비닐봉지,4,0.2,전남,PL,PL_2_31,2.0220331E7,남해안,34.584309,127.145063,34.586191,127.145855
235,2022.0,2차,고흥신흥,국내기인,플라스틱류,"비닐포장(빙과류, 과자봉지 등)",0,0,전남,PL,PL_2_32,2.0220331E7,남해안,34.584309,127.145063,34.586191,127.145855
236,2022.0,2차,고흥신흥,국내기인,플라스틱류,필름형 풍선,0,0,전남,PL,PL_2_33,2.0220331E7,남해안,34.584309,127.145063,34.586191,127.145855
237,2022.0,2차,고흥신흥,국내기인,플라스틱류,"밧줄(꼬인 것, 어업용)",35,1.75,전남,PL,PL_2_25,2.0220331E7,남해안,34.584309,127.145063,34.586191,127.145855
238,2022.0,2차,고흥신흥,국내기인,플라스틱류,그물,3,0.15,전남,PL,PL_2_26,2.0220331E7,남해안,34.584309,127.145063,34.586191,127.145855
239,2022.0,2차,고흥신흥,국내기인,플라스틱류,낚싯줄,0,0,전남,PL,PL_2_27,2.0220331E7,남해안,34.584309,127.145063,34.586191,127.145855
240,2022.0,2차,고흥신흥,외국기인,플라스틱류,그물,0,0,전남,PL,PL_2_49,2.0220331E7,남해안,34.584309,127.145063,34.586191,127.145855
17,2022.0,4차,고흥염포,국내기인,플라스틱류,"통발, 장어통발용 미끼통",0,0,전남,PL,PL_2_11,2.0220731E7,남해안,34.432709,127.49205,34.43324,127.49123
18,2022.0,4차,고흥염포,국내기인,플라스틱류,비닐봉지,0,0,전남,PL,PL_2_31,2.0220731E7,남해안,34.432709,127.49205,34.43324,127.49123
19,2022.0,4차,고흥염포,국내기인,플라스틱류,"비닐포장(빙과류, 과자봉지 등)",0,0,전남,PL,PL_2_32,2.0220731E7,남해안,34.432709,127.49205,34.43324,127.49123
20,2022.0,4차,고흥염포,국내기인,플라스틱류,필름형 풍선,0,0,전남,PL,PL_2_33,2.0220731E7,남해안,34.432709,127.49205,34.43324,127.49123
21,2022.0,4차,고흥염포,국내기인,플라스틱류,"밧줄(꼬인 것, 어업용)",13,0.65,전남,PL,PL_2_25,2.0220731E7,남해안,34.432709,127.49205,34.43324,127.49123
22,2022.0,4차,고흥염포,국내기인,플라스틱류,그물,0,0,전남,PL,PL_2_26,2.0220731E7,남해안,34.432709,127.49205,34.43324,127.49123
23,2022.0,4차,고흥염포,국내기인,플라스틱류,낚싯줄,0,0,전남,PL,PL_2_27,2.0220731E7,남해안,34.432709,127.49205,34.43324,127.49123
24,2022.0,4차,고흥염포,외국기인,플라스틱류,그물,0,0,전남,PL,PL_2_49,2.0220731E7,남해안,34.432709,127.49205,34.43324,127.49123
353,2022.0,5차,고흥염포,국내기인,플라스틱류,"통발, 장어통발용 미끼통",0,0,전남,PL,PL_2_11,2.022093E7,남해안,34.432709,127.49205,34.43324,127.49123
354,2022.0,5차,고흥염포,국내기인,플라스틱류,비닐봉지,1,0.05,전남,PL,PL_2_31,2.022093E7,남해안,34.432709,127.49205,34.43324,127.49123
355,2022.0,5차,고흥염포,국내기인,플라스틱류,"비닐포장(빙과류, 과자봉지 등)",0,0,전남,PL,PL_2_32,2.022093E7,남해안,34.432709,127.49205,34.43324,127.49123
356,2022.0,5차,고흥염포,국내기인,플라스틱류,필름형 풍선,0,0,전남,PL,PL_2_33,2.022093E7,남해안,34.432709,127.49205,34.43324,127.49123
357,2022.0,5차,고흥염포,국내기인,플라스틱류,"밧줄(꼬인 것, 어업용)",0,0,전남,PL,PL_2_25,2.022093E7,남해안,34.432709,127.49205,34.43324,127.49123
358,2022.0,5차,고흥염포,국내기인,플라스틱류,그물,0,0,전남,PL,PL_2_26,2.022093E7,남해안,34.432709,127.49205,34.43324,127.49123
359,2022.0,5차,고흥염포,국내기인,플라스틱류,낚싯줄,0,0,전남,PL,PL_2_27,2.022093E7,남해안,34.432709,127.49205,34.43324,127.49123
360,2022.0,5차,고흥염포,외국기인,플라스틱류,그물,0,0,전남,PL,PL_2_49,2.022093E7,남해안,34.432709,127.49205,34.43324,127.49123
129,2022.0,6차,고흥염포,국내기인,플라스틱류,"통발, 장어통발용 미끼통",0,0,전남,PL,PL_2_11,2.022113E7,남해안,34.432709,127.49205,34.43324,127.49123
130,2022.0,6차,고흥염포,국내기인,플라스틱류,비닐봉지,0,0,전남,PL,PL_2_31,2.022113E7,남해안,34.432709,127.49205,34.43324,127.49123
131,2022.0,6차,고흥염포,국내기인,플라스틱류,"비닐포장(빙과류, 과자봉지 등)",0,0,전남,PL,PL_2_32,2.022113E7,남해안,34.432709,127.49205,34.43324,127.49123
132,2022.0,6차,고흥염포,국내기인,플라스틱류,필름형 풍선,0,0,전남,PL,PL_2_33,2.022113E7,남해안,34.432709,127.49205,34.43324,127.49123
133,2022.0,6차,고흥염포,국내기인,플라스틱류,"밧줄(꼬인 것, 어업용)",0,0,전남,PL,PL_2_25,2.022113E7,남해안,34.432709,127.49205,34.43324,127.49123
134,2022.0,6차,고흥염포,국내기인,플라스틱류,그물,0,0,전남,PL,PL_2_26,2.022113E7,남해안,34.432709,127.49205,34.43324,127.49123
135,2022.0,6차,고흥염포,국내기인,플라스틱류,낚싯줄,0,0,전남,PL,PL_2_27,2.022113E7,남해안,34.432709,127.49205,34.43324,127.49123
136,2022.0,6차,고흥염포,외국기인,플라스틱류,그물,0,0,전남,PL,PL_2_49,2.022113E7,남해안,34.432709,127.49205,34.43324,127.49123
465,2022.0,3차,고흥염포,국내기인,플라스틱류,"통발, 장어통발용 미끼통",0,0,전남,PL,PL_2_11,2.0220531E7,남해안,34.432709,127.49205,34.43324,127.49123
466,2022.0,3차,고흥염포,국내기인,플라스틱류,비닐봉지,0,0,전남,PL,PL_2_31,2.0220531E7,남해안,34.432709,127.49205,34.43324,127.49123
467,2022.0,3차,고흥염포,국내기인,플라스틱류,"비닐포장(빙과류, 과자봉지 등)",2,0.1,전남,PL,PL_2_32,2.0220531E7,남해안,34.432709,127.49205,34.43324,127.49123
468,2022.0,3차,고흥염포,국내기인,플라스틱류,필름형 풍선,0,0,전남,PL,PL_2_33,2.0220531E7,남해안,34.432709,127.49205,34.43324,127.49123
469,2022.0,3차,고흥염포,국내기인,플라스틱류,"밧줄(꼬인 것, 어업용)",4,0.2,전남,PL,PL_2_25,2.0220531E7,남해안,34.432709,127.49205,34.43324,127.49123
470,2022.0,3차,고흥염포,국내기인,플라스틱류,그물,0,0,전남,PL,PL_2_26,2.0220531E7,남해안,34.432709,127.49205,34.43324,127.49123
471,2022.0,3차,고흥염포,국내기인,플라스틱류,낚싯줄,0,0,전남,PL,PL_2_27,2.0220531E7,남해안,34.432709,127.49205,34.43324,127.49123
472,2022.0,3차,고흥염포,외국기인,플라스틱류,그물,0,0,전남,PL,PL_2_49,2.0220531E7,남해안,34.432709,127.49205,34.43324,127.49123
241,2022.0,2차,고흥염포,국내기인,플라스틱류,"통발, 장어통발용 미끼통",0,0,전남,PL,PL_2_11,2.0220331E7,남해안,34.432709,127.49205,34.43324,127.49123
242,2022.0,2차,고흥염포,국내기인,플라스틱류,비닐봉지,0,0,전남,PL,PL_2_31,2.0220331E7,남해안,34.432709,127.49205,34.43324,127.49123
243,2022.0,2차,고흥염포,국내기인,플라스틱류,"비닐포장(빙과류, 과자봉지 등)",0,0,전남,PL,PL_2_32,2.0220331E7,남해안,34.432709,127.49205,34.43324,127.49123
244,2022.0,2차,고흥염포,국내기인,플라스틱류,필름형 풍선,0,0,전남,PL,PL_2_33,2.0220331E7,남해안,34.432709,127.49205,34.43324,127.49123
245,2022.0,2차,고흥염포,국내기인,플라스틱류,"밧줄(꼬인 것, 어업용)",46,2.3,전남,PL,PL_2_25,2.0220331E7,남해안,34.432709,127.49205,34.43324,127.49123
246,2022.0,2차,고흥염포,국내기인,플라스틱류,그물,0,0,전남,PL,PL_2_26,2.0220331E7,남해안,34.432709,127.49205,34.43324,127.49123
247,2022.0,2차,고흥염포,국내기인,플라스틱류,낚싯줄,0,0,전남,PL,PL_2_27,2.0220331E7,남해안,34.432709,127.49205,34.43324,127.49123
248,2022.0,2차,고흥염포,외국기인,플라스틱류,그물,0,0,전남,PL,PL_2_49,2.0220331E7,남해안,34.432709,127.49205,34.43324,127.49123
256,2022.0,2차,남해유구,외국기인,플라스틱류,그물,0,0,경남,PL,PL_2_49,2.0220331E7,남해안,34.74927,127.85085,34.748614,127.852069
25,2022.0,4차,남해유구,국내기인,플라스틱류,"통발, 장어통발용 미끼통",1,0.05,경남,PL,PL_2_11,2.0220731E7,남해안,34.74927,127.85085,34.748614,127.852069
26,2022.0,4차,남해유구,국내기인,플라스틱류,비닐봉지,0,0,경남,PL,PL_2_31,2.0220731E7,남해안,34.74927,127.85085,34.748614,127.852069
27,2022.0,4차,남해유구,국내기인,플라스틱류,"비닐포장(빙과류, 과자봉지 등)",0,0,경남,PL,PL_2_32,2.0220731E7,남해안,34.74927,127.85085,34.748614,127.852069
28,2022.0,4차,남해유구,국내기인,플라스틱류,필름형 풍선,0,0,경남,PL,PL_2_33,2.0220731E7,남해안,34.74927,127.85085,34.748614,127.852069
29,2022.0,4차,남해유구,국내기인,플라스틱류,"밧줄(꼬인 것, 어업용)",4,0.2,경남,PL,PL_2_25,2.0220731E7,남해안,34.74927,127.85085,34.748614,127.852069
30,2022.0,4차,남해유구,국내기인,플라스틱류,그물,1,0.05,경남,PL,PL_2_26,2.0220731E7,남해안,34.74927,127.85085,34.748614,127.852069
31,2022.0,4차,남해유구,국내기인,플라스틱류,낚싯줄,0,0,경남,PL,PL_2_27,2.0220731E7,남해안,34.74927,127.85085,34.748614,127.852069
32,2022.0,4차,남해유구,외국기인,플라스틱류,그물,0,0,경남,PL,PL_2_49,2.0220731E7,남해안,34.74927,127.85085,34.748614,127.852069
361,2022.0,5차,남해유구,국내기인,플라스틱류,"통발, 장어통발용 미끼통",3,0.15,경남,PL,PL_2_11,2.022093E7,남해안,34.74927,127.85085,34.748614,127.852069
362,2022.0,5차,남해유구,국내기인,플라스틱류,비닐봉지,0,0,경남,PL,PL_2_31,2.022093E7,남해안,34.74927,127.85085,34.748614,127.852069
363,2022.0,5차,남해유구,국내기인,플라스틱류,"비닐포장(빙과류, 과자봉지 등)",0,0,경남,PL,PL_2_32,2.022093E7,남해안,34.74927,127.85085,34.748614,127.852069
364,2022.0,5차,남해유구,국내기인,플라스틱류,필름형 풍선,0,0,경남,PL,PL_2_33,2.022093E7,남해안,34.74927,127.85085,34.748614,127.852069
365,2022.0,5차,남해유구,국내기인,플라스틱류,"밧줄(꼬인 것, 어업용)",2,0.1,경남,PL,PL_2_25,2.022093E7,남해안,34.74927,127.85085,34.748614,127.852069
366,2022.0,5차,남해유구,국내기인,플라스틱류,그물,1,0.05,경남,PL,PL_2_26,2.022093E7,남해안,34.74927,127.85085,34.748614,127.852069
367,2022.0,5차,남해유구,국내기인,플라스틱류,낚싯줄,0,0,경남,PL,PL_2_27,2.022093E7,남해안,34.74927,127.85085,34.748614,127.852069
368,2022.0,5차,남해유구,외국기인,플라스틱류,그물,0,0,경남,PL,PL_2_49,2.022093E7,남해안,34.74927,127.85085,34.748614,127.852069
137,2022.0,6차,남해유구,국내기인,플라스틱류,"통발, 장어통발용 미끼통",0,0,경남,PL,PL_2_11,2.022113E7,남해안,34.74927,127.85085,34.748614,127.852069
138,2022.0,6차,남해유구,국내기인,플라스틱류,비닐봉지,1,0.05,경남,PL,PL_2_31,2.022113E7,남해안,34.74927,127.85085,34.748614,127.852069
139,2022.0,6차,남해유구,국내기인,플라스틱류,"비닐포장(빙과류, 과자봉지 등)",0,0,경남,PL,PL_2_32,2.022113E7,남해안,34.74927,127.85085,34.748614,127.852069
140,2022.0,6차,남해유구,국내기인,플라스틱류,필름형 풍선,0,0,경남,PL,PL_2_33,2.022113E7,남해안,34.74927,127.85085,34.748614,127.852069
141,2022.0,6차,남해유구,국내기인,플라스틱류,"밧줄(꼬인 것, 어업용)",3,0.15,경남,PL,PL_2_25,2.022113E7,남해안,34.74927,127.85085,34.748614,127.852069
142,2022.0,6차,남해유구,국내기인,플라스틱류,그물,0,0,경남,PL,PL_2_26,2.022113E7,남해안,34.74927,127.85085,34.748614,127.852069
143,2022.0,6차,남해유구,국내기인,플라스틱류,낚싯줄,0,0,경남,PL,PL_2_27,2.022113E7,남해안,34.74927,127.85085,34.748614,127.852069
144,2022.0,6차,남해유구,외국기인,플라스틱류,그물,0,0,경남,PL,PL_2_49,2.022113E7,남해안,34.74927,127.85085,34.748614,127.852069
473,2022.0,3차,남해유구,국내기인,플라스틱류,"통발, 장어통발용 미끼통",0,0,경남,PL,PL_2_11,2.0220531E7,남해안,34.74927,127.85085,34.748614,127.852069
474,2022.0,3차,남해유구,국내기인,플라스틱류,비닐봉지,2,0.1,경남,PL,PL_2_31,2.0220531E7,남해안,34.74927,127.85085,34.748614,127.852069
475,2022.0,3차,남해유구,국내기인,플라스틱류,"비닐포장(빙과류, 과자봉지 등)",1,0.05,경남,PL,PL_2_32,2.0220531E7,남해안,34.74927,127.85085,34.748614,127.852069
476,2022.0,3차,남해유구,국내기인,플라스틱류,필름형 풍선,0,0,경남,PL,PL_2_33,2.0220531E7,남해안,34.74927,127.85085,34.748614,127.852069
477,2022.0,3차,남해유구,국내기인,플라스틱류,"밧줄(꼬인 것, 어업용)",0,0,경남,PL,PL_2_25,2.0220531E7,남해안,34.74927,127.85085,34.748614,127.852069
478,2022.0,3차,남해유구,국내기인,플라스틱류,그물,0,0,경남,PL,PL_2_26,2.0220531E7,남해안,34.74927,127.85085,34.748614,127.852069
479,2022.0,3차,남해유구,국내기인,플라스틱류,낚싯줄,0,0,경남,PL,PL_2_27,2.0220531E7,남해안,34.74927,127.85085,34.748614,127.852069
480,2022.0,3차,남해유구,외국기인,플라스틱류,그물,0,0,경남,PL,PL_2_49,2.0220531E7,남해안,34.74927,127.85085,34.748614,127.852069
249,2022.0,2차,남해유구,국내기인,플라스틱류,"통발, 장어통발용 미끼통",0,0,경남,PL,PL_2_11,2.0220331E7,남해안,34.74927,127.85085,34.748614,127.852069
250,2022.0,2차,남해유구,국내기인,플라스틱류,비닐봉지,1,0.05,경남,PL,PL_2_31,2.0220331E7,남해안,34.74927,127.85085,34.748614,127.852069
251,2022.0,2차,남해유구,국내기인,플라스틱류,"비닐포장(빙과류, 과자봉지 등)",2,0.1,경남,PL,PL_2_32,2.0220331E7,남해안,34.74927,127.85085,34.748614,127.852069
252,2022.0,2차,남해유구,국내기인,플라스틱류,필름형 풍선,0,0,경남,PL,PL_2_33,2.0220331E7,남해안,34.74927,127.85085,34.748614,127.852069
253,2022.0,2차,남해유구,국내기인,플라스틱류,"밧줄(꼬인 것, 어업용)",1,0.05,경남,PL,PL_2_25,2.0220331E7,남해안,34.74927,127.85085,34.748614,127.852069
254,2022.0,2차,남해유구,국내기인,플라스틱류,그물,0,0,경남,PL,PL_2_26,2.0220331E7,남해안,34.74927,127.85085,34.748614,127.852069
255,2022.0,2차,남해유구,국내기인,플라스틱류,낚싯줄,0,0,경남,PL,PL_2_27,2.0220331E7,남해안,34.74927,127.85085,34.748614,127.852069
257,2022.0,2차,마산봉암,국내기인,플라스틱류,"통발, 장어통발용 미끼통",0,0,경남,PL,PL_2_11,2.0220331E7,남해안,35.2154,128.623975,35.215688,128.623716
258,2022.0,2차,마산봉암,국내기인,플라스틱류,비닐봉지,9,0.45,경남,PL,PL_2_31,2.0220331E7,남해안,35.2154,128.623975,35.215688,128.623716
259,2022.0,2차,마산봉암,국내기인,플라스틱류,"비닐포장(빙과류, 과자봉지 등)",29,1.45,경남,PL,PL_2_32,2.0220331E7,남해안,35.2154,128.623975,35.215688,128.623716
260,2022.0,2차,마산봉암,국내기인,플라스틱류,필름형 풍선,0,0,경남,PL,PL_2_33,2.0220331E7,남해안,35.2154,128.623975,35.215688,128.623716
261,2022.0,2차,마산봉암,국내기인,플라스틱류,"밧줄(꼬인 것, 어업용)",3,0.15,경남,PL,PL_2_25,2.0220331E7,남해안,35.2154,128.623975,35.215688,128.623716
262,2022.0,2차,마산봉암,국내기인,플라스틱류,그물,0,0,경남,PL,PL_2_26,2.0220331E7,남해안,35.2154,128.623975,35.215688,128.623716
263,2022.0,2차,마산봉암,국내기인,플라스틱류,낚싯줄,0,0,경남,PL,PL_2_27,2.0220331E7,남해안,35.2154,128.623975,35.215688,128.623716
264,2022.0,2차,마산봉암,외국기인,플라스틱류,그물,0,0,경남,PL,PL_2_49,2.0220331E7,남해안,35.2154,128.623975,35.215688,128.623716
33,2022.0,4차,마산봉암,국내기인,플라스틱류,"통발, 장어통발용 미끼통",0,0,경남,PL,PL_2_11,2.0220731E7,남해안,35.2154,128.623975,35.215688,128.623716
34,2022.0,4차,마산봉암,국내기인,플라스틱류,비닐봉지,0,0,경남,PL,PL_2_31,2.0220731E7,남해안,35.2154,128.623975,35.215688,128.623716
35,2022.0,4차,마산봉암,국내기인,플라스틱류,"비닐포장(빙과류, 과자봉지 등)",27,1.35,경남,PL,PL_2_32,2.0220731E7,남해안,35.2154,128.623975,35.215688,128.623716
36,2022.0,4차,마산봉암,국내기인,플라스틱류,필름형 풍선,5,0.25,경남,PL,PL_2_33,2.0220731E7,남해안,35.2154,128.623975,35.215688,128.623716
37,2022.0,4차,마산봉암,국내기인,플라스틱류,"밧줄(꼬인 것, 어업용)",0,0,경남,PL,PL_2_25,2.0220731E7,남해안,35.2154,128.623975,35.215688,128.623716
38,2022.0,4차,마산봉암,국내기인,플라스틱류,그물,0,0,경남,PL,PL_2_26,2.0220731E7,남해안,35.2154,128.623975,35.215688,128.623716
39,2022.0,4차,마산봉암,국내기인,플라스틱류,낚싯줄,0,0,경남,PL,PL_2_27,2.0220731E7,남해안,35.2154,128.623975,35.215688,128.623716
40,2022.0,4차,마산봉암,외국기인,플라스틱류,그물,0,0,경남,PL,PL_2_49,2.0220731E7,남해안,35.2154,128.623975,35.215688,128.623716
369,2022.0,5차,마산봉암,국내기인,플라스틱류,"통발, 장어통발용 미끼통",0,0,경남,PL,PL_2_11,2.022093E7,남해안,35.2154,128.623975,35.215688,128.623716
370,2022.0,5차,마산봉암,국내기인,플라스틱류,비닐봉지,0,0,경남,PL,PL_2_31,2.022093E7,남해안,35.2154,128.623975,35.215688,128.623716
371,2022.0,5차,마산봉암,국내기인,플라스틱류,"비닐포장(빙과류, 과자봉지 등)",14,0.7,경남,PL,PL_2_32,2.022093E7,남해안,35.2154,128.623975,35.215688,128.623716
372,2022.0,5차,마산봉암,국내기인,플라스틱류,필름형 풍선,0,0,경남,PL,PL_2_33,2.022093E7,남해안,35.2154,128.623975,35.215688,128.623716
373,2022.0,5차,마산봉암,국내기인,플라스틱류,"밧줄(꼬인 것, 어업용)",0,0,경남,PL,PL_2_25,2.022093E7,남해안,35.2154,128.623975,35.215688,128.623716
374,2022.0,5차,마산봉암,국내기인,플라스틱류,그물,0,0,경남,PL,PL_2_26,2.022093E7,남해안,35.2154,128.623975,35.215688,128.623716
375,2022.0,5차,마산봉암,국내기인,플라스틱류,낚싯줄,0,0,경남,PL,PL_2_27,2.022093E7,남해안,35.2154,128.623975,35.215688,128.623716
376,2022.0,5차,마산봉암,외국기인,플라스틱류,그물,0,0,경남,PL,PL_2_49,2.022093E7,남해안,35.2154,128.623975,35.215688,128.623716
145,2022.0,6차,마산봉암,국내기인,플라스틱류,"통발, 장어통발용 미끼통",0,0,경남,PL,PL_2_11,2.022113E7,남해안,35.2154,128.623975,35.215688,128.623716
146,2022.0,6차,마산봉암,국내기인,플라스틱류,비닐봉지,2,0.1,경남,PL,PL_2_31,2.022113E7,남해안,35.2154,128.623975,35.215688,128.623716
147,2022.0,6차,마산봉암,국내기인,플라스틱류,"비닐포장(빙과류, 과자봉지 등)",29,1.45,경남,PL,PL_2_32,2.022113E7,남해안,35.2154,128.623975,35.215688,128.623716
148,2022.0,6차,마산봉암,국내기인,플라스틱류,필름형 풍선,0,0,경남,PL,PL_2_33,2.022113E7,남해안,35.2154,128.623975,35.215688,128.623716
149,2022.0,6차,마산봉암,국내기인,플라스틱류,"밧줄(꼬인 것, 어업용)",1,0.05,경남,PL,PL_2_25,2.022113E7,남해안,35.2154,128.623975,35.215688,128.623716
150,2022.0,6차,마산봉암,국내기인,플라스틱류,그물,0,0,경남,PL,PL_2_26,2.022113E7,남해안,35.2154,128.623975,35.215688,128.623716
151,2022.0,6차,마산봉암,국내기인,플라스틱류,낚싯줄,2,0.1,경남,PL,PL_2_27,2.022113E7,남해안,35.2154,128.623975,35.215688,128.623716
152,2022.0,6차,마산봉암,외국기인,플라스틱류,그물,0,0,경남,PL,PL_2_49,2.022113E7,남해안,35.2154,128.623975,35.215688,128.623716
481,2022.0,3차,마산봉암,국내기인,플라스틱류,"통발, 장어통발용 미끼통",0,0,경남,PL,PL_2_11,2.0220531E7,남해안,35.2154,128.623975,35.215688,128.623716
482,2022.0,3차,마산봉암,국내기인,플라스틱류,비닐봉지,1,0.05,경남,PL,PL_2_31,2.0220531E7,남해안,35.2154,128.623975,35.215688,128.623716
483,2022.0,3차,마산봉암,국내기인,플라스틱류,"비닐포장(빙과류, 과자봉지 등)",14,0.7,경남,PL,PL_2_32,2.0220531E7,남해안,35.2154,128.623975,35.215688,128.623716
484,2022.0,3차,마산봉암,국내기인,플라스틱류,필름형 풍선,0,0,경남,PL,PL_2_33,2.0220531E7,남해안,35.2154,128.623975,35.215688,128.623716
485,2022.0,3차,마산봉암,국내기인,플라스틱류,"밧줄(꼬인 것, 어업용)",0,0,경남,PL,PL_2_25,2.0220531E7,남해안,35.2154,128.623975,35.215688,128.623716
486,2022.0,3차,마산봉암,국내기인,플라스틱류,그물,0,0,경남,PL,PL_2_26,2.0220531E7,남해안,35.2154,128.623975,35.215688,128.623716
487,2022.0,3차,마산봉암,국내기인,플라스틱류,낚싯줄,0,0,경남,PL,PL_2_27,2.0220531E7,남해안,35.2154,128.623975,35.215688,128.623716
488,2022.0,3차,마산봉암,외국기인,플라스틱류,그물,0,0,경남,PL,PL_2_49,2.0220531E7,남해안,35.2154,128.623975,35.215688,128.623716
265,2022.0,2차,부산해양대,국내기인,플라스틱류,"통발, 장어통발용 미끼통",0,0,부산,PL,PL_2_11,2.0220331E7,남해안,35.075482,129.091375,35.074851,129.090912
266,2022.0,2차,부산해양대,국내기인,플라스틱류,비닐봉지,0,0,부산,PL,PL_2_31,2.0220331E7,남해안,35.075482,129.091375,35.074851,129.090912
267,2022.0,2차,부산해양대,국내기인,플라스틱류,"비닐포장(빙과류, 과자봉지 등)",4,0.2,부산,PL,PL_2_32,2.0220331E7,남해안,35.075482,129.091375,35.074851,129.090912
268,2022.0,2차,부산해양대,국내기인,플라스틱류,필름형 풍선,0,0,부산,PL,PL_2_33,2.0220331E7,남해안,35.075482,129.091375,35.074851,129.090912
269,2022.0,2차,부산해양대,국내기인,플라스틱류,"밧줄(꼬인 것, 어업용)",1,0.05,부산,PL,PL_2_25,2.0220331E7,남해안,35.075482,129.091375,35.074851,129.090912
270,2022.0,2차,부산해양대,국내기인,플라스틱류,그물,0,0,부산,PL,PL_2_26,2.0220331E7,남해안,35.075482,129.091375,35.074851,129.090912
271,2022.0,2차,부산해양대,국내기인,플라스틱류,낚싯줄,0,0,부산,PL,PL_2_27,2.0220331E7,남해안,35.075482,129.091375,35.074851,129.090912
272,2022.0,2차,부산해양대,외국기인,플라스틱류,그물,0,0,부산,PL,PL_2_49,2.0220331E7,남해안,35.075482,129.091375,35.074851,129.090912
41,2022.0,4차,부산해양대,국내기인,플라스틱류,"통발, 장어통발용 미끼통",0,0,부산,PL,PL_2_11,2.0220731E7,남해안,35.075482,129.091375,35.074851,129.090912
42,2022.0,4차,부산해양대,국내기인,플라스틱류,비닐봉지,1,0.05,부산,PL,PL_2_31,2.0220731E7,남해안,35.075482,129.091375,35.074851,129.090912
43,2022.0,4차,부산해양대,국내기인,플라스틱류,"비닐포장(빙과류, 과자봉지 등)",6,0.3,부산,PL,PL_2_32,2.0220731E7,남해안,35.075482,129.091375,35.074851,129.090912
44,2022.0,4차,부산해양대,국내기인,플라스틱류,필름형 풍선,0,0,부산,PL,PL_2_33,2.0220731E7,남해안,35.075482,129.091375,35.074851,129.090912
45,2022.0,4차,부산해양대,국내기인,플라스틱류,"밧줄(꼬인 것, 어업용)",0,0,부산,PL,PL_2_25,2.0220731E7,남해안,35.075482,129.091375,35.074851,129.090912
46,2022.0,4차,부산해양대,국내기인,플라스틱류,그물,0,0,부산,PL,PL_2_26,2.0220731E7,남해안,35.075482,129.091375,35.074851,129.090912
47,2022.0,4차,부산해양대,국내기인,플라스틱류,낚싯줄,0,0,부산,PL,PL_2_27,2.0220731E7,남해안,35.075482,129.091375,35.074851,129.090912
48,2022.0,4차,부산해양대,외국기인,플라스틱류,그물,0,0,부산,PL,PL_2_49,2.0220731E7,남해안,35.075482,129.091375,35.074851,129.090912
377,2022.0,5차,부산해양대,국내기인,플라스틱류,"통발, 장어통발용 미끼통",0,0,부산,PL,PL_2_11,2.022093E7,남해안,35.075482,129.091375,35.074851,129.090912
378,2022.0,5차,부산해양대,국내기인,플라스틱류,비닐봉지,1,0.05,부산,PL,PL_2_31,2.022093E7,남해안,35.075482,129.091375,35.074851,129.090912
379,2022.0,5차,부산해양대,국내기인,플라스틱류,"비닐포장(빙과류, 과자봉지 등)",1,0.05,부산,PL,PL_2_32,2.022093E7,남해안,35.075482,129.091375,35.074851,129.090912
380,2022.0,5차,부산해양대,국내기인,플라스틱류,필름형 풍선,0,0,부산,PL,PL_2_33,2.022093E7,남해안,35.075482,129.091375,35.074851,129.090912
381,2022.0,5차,부산해양대,국내기인,플라스틱류,"밧줄(꼬인 것, 어업용)",0,0,부산,PL,PL_2_25,2.022093E7,남해안,35.075482,129.091375,35.074851,129.090912
382,2022.0,5차,부산해양대,국내기인,플라스틱류,그물,0,0,부산,PL,PL_2_26,2.022093E7,남해안,35.075482,129.091375,35.074851,129.090912
383,2022.0,5차,부산해양대,국내기인,플라스틱류,낚싯줄,0,0,부산,PL,PL_2_27,2.022093E7,남해안,35.075482,129.091375,35.074851,129.090912
384,2022.0,5차,부산해양대,외국기인,플라스틱류,그물,0,0,부산,PL,PL_2_49,2.022093E7,남해안,35.075482,129.091375,35.074851,129.090912
153,2022.0,6차,부산해양대,국내기인,플라스틱류,"통발, 장어통발용 미끼통",0,0,부산,PL,PL_2_11,2.022113E7,남해안,35.075482,129.091375,35.074851,129.090912
154,2022.0,6차,부산해양대,국내기인,플라스틱류,비닐봉지,1,0.05,부산,PL,PL_2_31,2.022113E7,남해안,35.075482,129.091375,35.074851,129.090912
155,2022.0,6차,부산해양대,국내기인,플라스틱류,"비닐포장(빙과류, 과자봉지 등)",2,0.1,부산,PL,PL_2_32,2.022113E7,남해안,35.075482,129.091375,35.074851,129.090912
156,2022.0,6차,부산해양대,국내기인,플라스틱류,필름형 풍선,0,0,부산,PL,PL_2_33,2.022113E7,남해안,35.075482,129.091375,35.074851,129.090912
157,2022.0,6차,부산해양대,국내기인,플라스틱류,"밧줄(꼬인 것, 어업용)",0,0,부산,PL,PL_2_25,2.022113E7,남해안,35.075482,129.091375,35.074851,129.090912
158,2022.0,6차,부산해양대,국내기인,플라스틱류,그물,20,1,부산,PL,PL_2_26,2.022113E7,남해안,35.075482,129.091375,35.074851,129.090912
159,2022.0,6차,부산해양대,국내기인,플라스틱류,낚싯줄,0,0,부산,PL,PL_2_27,2.022113E7,남해안,35.075482,129.091375,35.074851,129.090912
160,2022.0,6차,부산해양대,외국기인,플라스틱류,그물,0,0,부산,PL,PL_2_49,2.022113E7,남해안,35.075482,129.091375,35.074851,129.090912
489,2022.0,3차,부산해양대,국내기인,플라스틱류,"통발, 장어통발용 미끼통",0,0,부산,PL,PL_2_11,2.0220531E7,남해안,35.075482,129.091375,35.074851,129.090912
490,2022.0,3차,부산해양대,국내기인,플라스틱류,비닐봉지,0,0,부산,PL,PL_2_31,2.0220531E7,남해안,35.075482,129.091375,35.074851,129.090912
491,2022.0,3차,부산해양대,국내기인,플라스틱류,"비닐포장(빙과류, 과자봉지 등)",10,0.5,부산,PL,PL_2_32,2.0220531E7,남해안,35.075482,129.091375,35.074851,129.090912
492,2022.0,3차,부산해양대,국내기인,플라스틱류,필름형 풍선,0,0,부산,PL,PL_2_33,2.0220531E7,남해안,35.075482,129.091375,35.074851,129.090912
493,2022.0,3차,부산해양대,국내기인,플라스틱류,"밧줄(꼬인 것, 어업용)",2,0.1,부산,PL,PL_2_25,2.0220531E7,남해안,35.075482,129.091375,35.074851,129.090912
494,2022.0,3차,부산해양대,국내기인,플라스틱류,그물,0,0,부산,PL,PL_2_26,2.0220531E7,남해안,35.075482,129.091375,35.074851,129.090912
495,2022.0,3차,부산해양대,국내기인,플라스틱류,낚싯줄,0,0,부산,PL,PL_2_27,2.0220531E7,남해안,35.075482,129.091375,35.074851,129.090912
496,2022.0,3차,부산해양대,외국기인,플라스틱류,그물,0,0,부산,PL,PL_2_49,2.0220531E7,남해안,35.075482,129.091375,35.074851,129.090912
273,2022.0,2차,사천아두도,국내기인,플라스틱류,"통발, 장어통발용 미끼통",0,0,경남,PL,PL_2_11,2.0220331E7,남해안,34.901437,128.058667,34.901096,128.059412
274,2022.0,2차,사천아두도,국내기인,플라스틱류,비닐봉지,4,0.2,경남,PL,PL_2_31,2.0220331E7,남해안,34.901437,128.058667,34.901096,128.059412
275,2022.0,2차,사천아두도,국내기인,플라스틱류,"비닐포장(빙과류, 과자봉지 등)",4,0.2,경남,PL,PL_2_32,2.0220331E7,남해안,34.901437,128.058667,34.901096,128.059412
276,2022.0,2차,사천아두도,국내기인,플라스틱류,필름형 풍선,0,0,경남,PL,PL_2_33,2.0220331E7,남해안,34.901437,128.058667,34.901096,128.059412
277,2022.0,2차,사천아두도,국내기인,플라스틱류,"밧줄(꼬인 것, 어업용)",4,0.2,경남,PL,PL_2_25,2.0220331E7,남해안,34.901437,128.058667,34.901096,128.059412
278,2022.0,2차,사천아두도,국내기인,플라스틱류,그물,0,0,경남,PL,PL_2_26,2.0220331E7,남해안,34.901437,128.058667,34.901096,128.059412
279,2022.0,2차,사천아두도,국내기인,플라스틱류,낚싯줄,0,0,경남,PL,PL_2_27,2.0220331E7,남해안,34.901437,128.058667,34.901096,128.059412
280,2022.0,2차,사천아두도,외국기인,플라스틱류,그물,0,0,경남,PL,PL_2_49,2.0220331E7,남해안,34.901437,128.058667,34.901096,128.059412
49,2022.0,4차,사천아두도,국내기인,플라스틱류,"통발, 장어통발용 미끼통",0,0,경남,PL,PL_2_11,2.0220731E7,남해안,34.901437,128.058667,34.901096,128.059412
50,2022.0,4차,사천아두도,국내기인,플라스틱류,비닐봉지,4,0.2,경남,PL,PL_2_31,2.0220731E7,남해안,34.901437,128.058667,34.901096,128.059412
51,2022.0,4차,사천아두도,국내기인,플라스틱류,"비닐포장(빙과류, 과자봉지 등)",1,0.05,경남,PL,PL_2_32,2.0220731E7,남해안,34.901437,128.058667,34.901096,128.059412
52,2022.0,4차,사천아두도,국내기인,플라스틱류,필름형 풍선,0,0,경남,PL,PL_2_33,2.0220731E7,남해안,34.901437,128.058667,34.901096,128.059412
53,2022.0,4차,사천아두도,국내기인,플라스틱류,"밧줄(꼬인 것, 어업용)",3,0.15,경남,PL,PL_2_25,2.0220731E7,남해안,34.901437,128.058667,34.901096,128.059412
54,2022.0,4차,사천아두도,국내기인,플라스틱류,그물,1,0.05,경남,PL,PL_2_26,2.0220731E7,남해안,34.901437,128.058667,34.901096,128.059412
55,2022.0,4차,사천아두도,국내기인,플라스틱류,낚싯줄,0,0,경남,PL,PL_2_27,2.0220731E7,남해안,34.901437,128.058667,34.901096,128.059412
56,2022.0,4차,사천아두도,외국기인,플라스틱류,그물,0,0,경남,PL,PL_2_49,2.0220731E7,남해안,34.901437,128.058667,34.901096,128.059412
385,2022.0,5차,사천아두도,국내기인,플라스틱류,"통발, 장어통발용 미끼통",4,0.2,경남,PL,PL_2_11,2.022093E7,남해안,34.901437,128.058667,34.901096,128.059412
386,2022.0,5차,사천아두도,국내기인,플라스틱류,비닐봉지,6,0.3,경남,PL,PL_2_31,2.022093E7,남해안,34.901437,128.058667,34.901096,128.059412
387,2022.0,5차,사천아두도,국내기인,플라스틱류,"비닐포장(빙과류, 과자봉지 등)",0,0,경남,PL,PL_2_32,2.022093E7,남해안,34.901437,128.058667,34.901096,128.059412
388,2022.0,5차,사천아두도,국내기인,플라스틱류,필름형 풍선,0,0,경남,PL,PL_2_33,2.022093E7,남해안,34.901437,128.058667,34.901096,128.059412
389,2022.0,5차,사천아두도,국내기인,플라스틱류,"밧줄(꼬인 것, 어업용)",17,0.85,경남,PL,PL_2_25,2.022093E7,남해안,34.901437,128.058667,34.901096,128.059412
390,2022.0,5차,사천아두도,국내기인,플라스틱류,그물,0,0,경남,PL,PL_2_26,2.022093E7,남해안,34.901437,128.058667,34.901096,128.059412
391,2022.0,5차,사천아두도,국내기인,플라스틱류,낚싯줄,0,0,경남,PL,PL_2_27,2.022093E7,남해안,34.901437,128.058667,34.901096,128.059412
392,2022.0,5차,사천아두도,외국기인,플라스틱류,그물,0,0,경남,PL,PL_2_49,2.022093E7,남해안,34.901437,128.058667,34.901096,128.059412
161,2022.0,6차,사천아두도,국내기인,플라스틱류,"통발, 장어통발용 미끼통",0,0,경남,PL,PL_2_11,2.022113E7,남해안,34.901437,128.058667,34.901096,128.059412
162,2022.0,6차,사천아두도,국내기인,플라스틱류,비닐봉지,4,0.2,경남,PL,PL_2_31,2.022113E7,남해안,34.901437,128.058667,34.901096,128.059412
163,2022.0,6차,사천아두도,국내기인,플라스틱류,"비닐포장(빙과류, 과자봉지 등)",0,0,경남,PL,PL_2_32,2.022113E7,남해안,34.901437,128.058667,34.901096,128.059412
164,2022.0,6차,사천아두도,국내기인,플라스틱류,필름형 풍선,0,0,경남,PL,PL_2_33,2.022113E7,남해안,34.901437,128.058667,34.901096,128.059412
165,2022.0,6차,사천아두도,국내기인,플라스틱류,"밧줄(꼬인 것, 어업용)",7,0.35,경남,PL,PL_2_25,2.022113E7,남해안,34.901437,128.058667,34.901096,128.059412
166,2022.0,6차,사천아두도,국내기인,플라스틱류,그물,0,0,경남,PL,PL_2_26,2.022113E7,남해안,34.901437,128.058667,34.901096,128.059412
167,2022.0,6차,사천아두도,국내기인,플라스틱류,낚싯줄,0,0,경남,PL,PL_2_27,2.022113E7,남해안,34.901437,128.058667,34.901096,128.059412
168,2022.0,6차,사천아두도,외국기인,플라스틱류,그물,0,0,경남,PL,PL_2_49,2.022113E7,남해안,34.901437,128.058667,34.901096,128.059412
497,2022.0,3차,사천아두도,국내기인,플라스틱류,"통발, 장어통발용 미끼통",0,0,경남,PL,PL_2_11,2.0220531E7,남해안,34.901437,128.058667,34.901096,128.059412
498,2022.0,3차,사천아두도,국내기인,플라스틱류,비닐봉지,3,0.15,경남,PL,PL_2_31,2.0220531E7,남해안,34.901437,128.058667,34.901096,128.059412
499,2022.0,3차,사천아두도,국내기인,플라스틱류,"비닐포장(빙과류, 과자봉지 등)",7,0.35,경남,PL,PL_2_32,2.0220531E7,남해안,34.901437,128.058667,34.901096,128.059412
500,2022.0,3차,사천아두도,국내기인,플라스틱류,필름형 풍선,0,0,경남,PL,PL_2_33,2.0220531E7,남해안,34.901437,128.058667,34.901096,128.059412
501,2022.0,3차,사천아두도,국내기인,플라스틱류,"밧줄(꼬인 것, 어업용)",4,0.2,경남,PL,PL_2_25,2.0220531E7,남해안,34.901437,128.058667,34.901096,128.059412
502,2022.0,3차,사천아두도,국내기인,플라스틱류,그물,0,0,경남,PL,PL_2_26,2.0220531E7,남해안,34.901437,128.058667,34.901096,128.059412
503,2022.0,3차,사천아두도,국내기인,플라스틱류,낚싯줄,0,0,경남,PL,PL_2_27,2.0220531E7,남해안,34.901437,128.058667,34.901096,128.059412
504,2022.0,3차,사천아두도,외국기인,플라스틱류,그물,0,0,경남,PL,PL_2_49,2.0220531E7,남해안,34.901437,128.058667,34.901096,128.059412
512,2022.0,3차,여수반월,외국기인,플라스틱류,그물,0,0,전남,PL,PL_2_49,2.0220531E7,남해안,34.80759,127.556183,34.807212,127.556956
281,2022.0,2차,여수반월,국내기인,플라스틱류,"통발, 장어통발용 미끼통",0,0,전남,PL,PL_2_11,2.0220331E7,남해안,34.80759,127.556183,34.807212,127.556956
282,2022.0,2차,여수반월,국내기인,플라스틱류,비닐봉지,2,0.1,전남,PL,PL_2_31,2.0220331E7,남해안,34.80759,127.556183,34.807212,127.556956
283,2022.0,2차,여수반월,국내기인,플라스틱류,"비닐포장(빙과류, 과자봉지 등)",0,0,전남,PL,PL_2_32,2.0220331E7,남해안,34.80759,127.556183,34.807212,127.556956
284,2022.0,2차,여수반월,국내기인,플라스틱류,필름형 풍선,0,0,전남,PL,PL_2_33,2.0220331E7,남해안,34.80759,127.556183,34.807212,127.556956
285,2022.0,2차,여수반월,국내기인,플라스틱류,"밧줄(꼬인 것, 어업용)",2,0.1,전남,PL,PL_2_25,2.0220331E7,남해안,34.80759,127.556183,34.807212,127.556956
286,2022.0,2차,여수반월,국내기인,플라스틱류,그물,1,0.05,전남,PL,PL_2_26,2.0220331E7,남해안,34.80759,127.556183,34.807212,127.556956
287,2022.0,2차,여수반월,국내기인,플라스틱류,낚싯줄,0,0,전남,PL,PL_2_27,2.0220331E7,남해안,34.80759,127.556183,34.807212,127.556956
288,2022.0,2차,여수반월,외국기인,플라스틱류,그물,0,0,전남,PL,PL_2_49,2.0220331E7,남해안,34.80759,127.556183,34.807212,127.556956
57,2022.0,4차,여수반월,국내기인,플라스틱류,"통발, 장어통발용 미끼통",0,0,전남,PL,PL_2_11,2.0220731E7,남해안,34.80759,127.556183,34.807212,127.556956
58,2022.0,4차,여수반월,국내기인,플라스틱류,비닐봉지,0,0,전남,PL,PL_2_31,2.0220731E7,남해안,34.80759,127.556183,34.807212,127.556956
59,2022.0,4차,여수반월,국내기인,플라스틱류,"비닐포장(빙과류, 과자봉지 등)",6,0.3,전남,PL,PL_2_32,2.0220731E7,남해안,34.80759,127.556183,34.807212,127.556956
60,2022.0,4차,여수반월,국내기인,플라스틱류,필름형 풍선,0,0,전남,PL,PL_2_33,2.0220731E7,남해안,34.80759,127.556183,34.807212,127.556956
61,2022.0,4차,여수반월,국내기인,플라스틱류,"밧줄(꼬인 것, 어업용)",28,1.4,전남,PL,PL_2_25,2.0220731E7,남해안,34.80759,127.556183,34.807212,127.556956
62,2022.0,4차,여수반월,국내기인,플라스틱류,그물,0,0,전남,PL,PL_2_26,2.0220731E7,남해안,34.80759,127.556183,34.807212,127.556956
63,2022.0,4차,여수반월,국내기인,플라스틱류,낚싯줄,0,0,전남,PL,PL_2_27,2.0220731E7,남해안,34.80759,127.556183,34.807212,127.556956
64,2022.0,4차,여수반월,외국기인,플라스틱류,그물,0,0,전남,PL,PL_2_49,2.0220731E7,남해안,34.80759,127.556183,34.807212,127.556956
393,2022.0,5차,여수반월,국내기인,플라스틱류,"통발, 장어통발용 미끼통",0,0,전남,PL,PL_2_11,2.022093E7,남해안,34.80759,127.556183,34.807212,127.556956
394,2022.0,5차,여수반월,국내기인,플라스틱류,비닐봉지,0,0,전남,PL,PL_2_31,2.022093E7,남해안,34.80759,127.556183,34.807212,127.556956
395,2022.0,5차,여수반월,국내기인,플라스틱류,"비닐포장(빙과류, 과자봉지 등)",1,0.05,전남,PL,PL_2_32,2.022093E7,남해안,34.80759,127.556183,34.807212,127.556956
396,2022.0,5차,여수반월,국내기인,플라스틱류,필름형 풍선,0,0,전남,PL,PL_2_33,2.022093E7,남해안,34.80759,127.556183,34.807212,127.556956
397,2022.0,5차,여수반월,국내기인,플라스틱류,"밧줄(꼬인 것, 어업용)",25,1.25,전남,PL,PL_2_25,2.022093E7,남해안,34.80759,127.556183,34.807212,127.556956
398,2022.0,5차,여수반월,국내기인,플라스틱류,그물,1,0.05,전남,PL,PL_2_26,2.022093E7,남해안,34.80759,127.556183,34.807212,127.556956
399,2022.0,5차,여수반월,국내기인,플라스틱류,낚싯줄,0,0,전남,PL,PL_2_27,2.022093E7,남해안,34.80759,127.556183,34.807212,127.556956
400,2022.0,5차,여수반월,외국기인,플라스틱류,그물,0,0,전남,PL,PL_2_49,2.022093E7,남해안,34.80759,127.556183,34.807212,127.556956
169,2022.0,6차,여수반월,국내기인,플라스틱류,"통발, 장어통발용 미끼통",0,0,전남,PL,PL_2_11,2.022113E7,남해안,34.80759,127.556183,34.807212,127.556956
170,2022.0,6차,여수반월,국내기인,플라스틱류,비닐봉지,1,0.05,전남,PL,PL_2_31,2.022113E7,남해안,34.80759,127.556183,34.807212,127.556956
171,2022.0,6차,여수반월,국내기인,플라스틱류,"비닐포장(빙과류, 과자봉지 등)",3,0.15,전남,PL,PL_2_32,2.022113E7,남해안,34.80759,127.556183,34.807212,127.556956
172,2022.0,6차,여수반월,국내기인,플라스틱류,필름형 풍선,0,0,전남,PL,PL_2_33,2.022113E7,남해안,34.80759,127.556183,34.807212,127.556956
173,2022.0,6차,여수반월,국내기인,플라스틱류,"밧줄(꼬인 것, 어업용)",6,0.3,전남,PL,PL_2_25,2.022113E7,남해안,34.80759,127.556183,34.807212,127.556956
174,2022.0,6차,여수반월,국내기인,플라스틱류,그물,1,0.05,전남,PL,PL_2_26,2.022113E7,남해안,34.80759,127.556183,34.807212,127.556956
175,2022.0,6차,여수반월,국내기인,플라스틱류,낚싯줄,0,0,전남,PL,PL_2_27,2.022113E7,남해안,34.80759,127.556183,34.807212,127.556956
176,2022.0,6차,여수반월,외국기인,플라스틱류,그물,0,0,전남,PL,PL_2_49,2.022113E7,남해안,34.80759,127.556183,34.807212,127.556956
505,2022.0,3차,여수반월,국내기인,플라스틱류,"통발, 장어통발용 미끼통",0,0,전남,PL,PL_2_11,2.0220531E7,남해안,34.80759,127.556183,34.807212,127.556956
506,2022.0,3차,여수반월,국내기인,플라스틱류,비닐봉지,1,0.05,전남,PL,PL_2_31,2.0220531E7,남해안,34.80759,127.556183,34.807212,127.556956
507,2022.0,3차,여수반월,국내기인,플라스틱류,"비닐포장(빙과류, 과자봉지 등)",0,0,전남,PL,PL_2_32,2.0220531E7,남해안,34.80759,127.556183,34.807212,127.556956
508,2022.0,3차,여수반월,국내기인,플라스틱류,필름형 풍선,0,0,전남,PL,PL_2_33,2.0220531E7,남해안,34.80759,127.556183,34.807212,127.556956
509,2022.0,3차,여수반월,국내기인,플라스틱류,"밧줄(꼬인 것, 어업용)",2,0.1,전남,PL,PL_2_25,2.0220531E7,남해안,34.80759,127.556183,34.807212,127.556956
510,2022.0,3차,여수반월,국내기인,플라스틱류,그물,0,0,전남,PL,PL_2_26,2.0220531E7,남해안,34.80759,127.556183,34.807212,127.556956
511,2022.0,3차,여수반월,국내기인,플라스틱류,낚싯줄,1,0.05,전남,PL,PL_2_27,2.0220531E7,남해안,34.80759,127.556183,34.807212,127.556956
513,2022.0,3차,여수백야도,국내기인,플라스틱류,"통발, 장어통발용 미끼통",0,0,전남,PL,PL_2_11,2.0220531E7,남해안,34.611901,127.64179,34.612125,127.642624
514,2022.0,3차,여수백야도,국내기인,플라스틱류,비닐봉지,0,0,전남,PL,PL_2_31,2.0220531E7,남해안,34.611901,127.64179,34.612125,127.642624
515,2022.0,3차,여수백야도,국내기인,플라스틱류,"비닐포장(빙과류, 과자봉지 등)",2,0.1,전남,PL,PL_2_32,2.0220531E7,남해안,34.611901,127.64179,34.612125,127.642624
516,2022.0,3차,여수백야도,국내기인,플라스틱류,필름형 풍선,0,0,전남,PL,PL_2_33,2.0220531E7,남해안,34.611901,127.64179,34.612125,127.642624
517,2022.0,3차,여수백야도,국내기인,플라스틱류,"밧줄(꼬인 것, 어업용)",9,0.45,전남,PL,PL_2_25,2.0220531E7,남해안,34.611901,127.64179,34.612125,127.642624
518,2022.0,3차,여수백야도,국내기인,플라스틱류,그물,3,0.15,전남,PL,PL_2_26,2.0220531E7,남해안,34.611901,127.64179,34.612125,127.642624
519,2022.0,3차,여수백야도,국내기인,플라스틱류,낚싯줄,0,0,전남,PL,PL_2_27,2.0220531E7,남해안,34.611901,127.64179,34.612125,127.642624
520,2022.0,3차,여수백야도,외국기인,플라스틱류,그물,0,0,전남,PL,PL_2_49,2.0220531E7,남해안,34.611901,127.64179,34.612125,127.642624
289,2022.0,2차,여수백야도,국내기인,플라스틱류,"통발, 장어통발용 미끼통",0,0,전남,PL,PL_2_11,2.0220331E7,남해안,34.611901,127.64179,34.612125,127.642624
290,2022.0,2차,여수백야도,국내기인,플라스틱류,비닐봉지,0,0,전남,PL,PL_2_31,2.0220331E7,남해안,34.611901,127.64179,34.612125,127.642624
291,2022.0,2차,여수백야도,국내기인,플라스틱류,"비닐포장(빙과류, 과자봉지 등)",3,0.15,전남,PL,PL_2_32,2.0220331E7,남해안,34.611901,127.64179,34.612125,127.642624
292,2022.0,2차,여수백야도,국내기인,플라스틱류,필름형 풍선,0,0,전남,PL,PL_2_33,2.0220331E7,남해안,34.611901,127.64179,34.612125,127.642624
293,2022.0,2차,여수백야도,국내기인,플라스틱류,"밧줄(꼬인 것, 어업용)",3,0.15,전남,PL,PL_2_25,2.0220331E7,남해안,34.611901,127.64179,34.612125,127.642624
294,2022.0,2차,여수백야도,국내기인,플라스틱류,그물,0,0,전남,PL,PL_2_26,2.0220331E7,남해안,34.611901,127.64179,34.612125,127.642624
295,2022.0,2차,여수백야도,국내기인,플라스틱류,낚싯줄,0,0,전남,PL,PL_2_27,2.0220331E7,남해안,34.611901,127.64179,34.612125,127.642624
296,2022.0,2차,여수백야도,외국기인,플라스틱류,그물,0,0,전남,PL,PL_2_49,2.0220331E7,남해안,34.611901,127.64179,34.612125,127.642624
65,2022.0,4차,여수백야도,국내기인,플라스틱류,"통발, 장어통발용 미끼통",0,0,전남,PL,PL_2_11,2.0220731E7,남해안,34.611901,127.64179,34.612125,127.642624
66,2022.0,4차,여수백야도,국내기인,플라스틱류,비닐봉지,0,0,전남,PL,PL_2_31,2.0220731E7,남해안,34.611901,127.64179,34.612125,127.642624
67,2022.0,4차,여수백야도,국내기인,플라스틱류,"비닐포장(빙과류, 과자봉지 등)",1,0.05,전남,PL,PL_2_32,2.0220731E7,남해안,34.611901,127.64179,34.612125,127.642624
68,2022.0,4차,여수백야도,국내기인,플라스틱류,필름형 풍선,0,0,전남,PL,PL_2_33,2.0220731E7,남해안,34.611901,127.64179,34.612125,127.642624
69,2022.0,4차,여수백야도,국내기인,플라스틱류,"밧줄(꼬인 것, 어업용)",13,0.65,전남,PL,PL_2_25,2.0220731E7,남해안,34.611901,127.64179,34.612125,127.642624
70,2022.0,4차,여수백야도,국내기인,플라스틱류,그물,0,0,전남,PL,PL_2_26,2.0220731E7,남해안,34.611901,127.64179,34.612125,127.642624
71,2022.0,4차,여수백야도,국내기인,플라스틱류,낚싯줄,0,0,전남,PL,PL_2_27,2.0220731E7,남해안,34.611901,127.64179,34.612125,127.642624
72,2022.0,4차,여수백야도,외국기인,플라스틱류,그물,0,0,전남,PL,PL_2_49,2.0220731E7,남해안,34.611901,127.64179,34.612125,127.642624
401,2022.0,5차,여수백야도,국내기인,플라스틱류,"통발, 장어통발용 미끼통",1,0.05,전남,PL,PL_2_11,2.022093E7,남해안,34.611901,127.64179,34.612125,127.642624
402,2022.0,5차,여수백야도,국내기인,플라스틱류,비닐봉지,1,0.05,전남,PL,PL_2_31,2.022093E7,남해안,34.611901,127.64179,34.612125,127.642624
403,2022.0,5차,여수백야도,국내기인,플라스틱류,"비닐포장(빙과류, 과자봉지 등)",1,0.05,전남,PL,PL_2_32,2.022093E7,남해안,34.611901,127.64179,34.612125,127.642624
404,2022.0,5차,여수백야도,국내기인,플라스틱류,필름형 풍선,0,0,전남,PL,PL_2_33,2.022093E7,남해안,34.611901,127.64179,34.612125,127.642624
405,2022.0,5차,여수백야도,국내기인,플라스틱류,"밧줄(꼬인 것, 어업용)",11,0.55,전남,PL,PL_2_25,2.022093E7,남해안,34.611901,127.64179,34.612125,127.642624
406,2022.0,5차,여수백야도,국내기인,플라스틱류,그물,0,0,전남,PL,PL_2_26,2.022093E7,남해안,34.611901,127.64179,34.612125,127.642624
407,2022.0,5차,여수백야도,국내기인,플라스틱류,낚싯줄,0,0,전남,PL,PL_2_27,2.022093E7,남해안,34.611901,127.64179,34.612125,127.642624
408,2022.0,5차,여수백야도,외국기인,플라스틱류,그물,0,0,전남,PL,PL_2_49,2.022093E7,남해안,34.611901,127.64179,34.612125,127.642624
177,2022.0,6차,여수백야도,국내기인,플라스틱류,"통발, 장어통발용 미끼통",1,0.05,전남,PL,PL_2_11,2.022113E7,남해안,34.611901,127.64179,34.612125,127.642624
178,2022.0,6차,여수백야도,국내기인,플라스틱류,비닐봉지,1,0.05,전남,PL,PL_2_31,2.022113E7,남해안,34.611901,127.64179,34.612125,127.642624
179,2022.0,6차,여수백야도,국내기인,플라스틱류,"비닐포장(빙과류, 과자봉지 등)",9,0.45,전남,PL,PL_2_32,2.022113E7,남해안,34.611901,127.64179,34.612125,127.642624
180,2022.0,6차,여수백야도,국내기인,플라스틱류,필름형 풍선,0,0,전남,PL,PL_2_33,2.022113E7,남해안,34.611901,127.64179,34.612125,127.642624
181,2022.0,6차,여수백야도,국내기인,플라스틱류,"밧줄(꼬인 것, 어업용)",4,0.2,전남,PL,PL_2_25,2.022113E7,남해안,34.611901,127.64179,34.612125,127.642624
182,2022.0,6차,여수백야도,국내기인,플라스틱류,그물,0,0,전남,PL,PL_2_26,2.022113E7,남해안,34.611901,127.64179,34.612125,127.642624
183,2022.0,6차,여수백야도,국내기인,플라스틱류,낚싯줄,0,0,전남,PL,PL_2_27,2.022113E7,남해안,34.611901,127.64179,34.612125,127.642624
184,2022.0,6차,여수백야도,외국기인,플라스틱류,그물,0,0,전남,PL,PL_2_49,2.022113E7,남해안,34.611901,127.64179,34.612125,127.642624
521,2022.0,3차,완도신지도,국내기인,플라스틱류,"통발, 장어통발용 미끼통",2,0.1,전남,PL,PL_2_11,2.0220531E7,남해안,34.328257,126.777491,34.32823,126.779133
522,2022.0,3차,완도신지도,국내기인,플라스틱류,비닐봉지,0,0,전남,PL,PL_2_31,2.0220531E7,남해안,34.328257,126.777491,34.32823,126.779133
523,2022.0,3차,완도신지도,국내기인,플라스틱류,"비닐포장(빙과류, 과자봉지 등)",4,0.2,전남,PL,PL_2_32,2.0220531E7,남해안,34.328257,126.777491,34.32823,126.779133
524,2022.0,3차,완도신지도,국내기인,플라스틱류,필름형 풍선,0,0,전남,PL,PL_2_33,2.0220531E7,남해안,34.328257,126.777491,34.32823,126.779133
525,2022.0,3차,완도신지도,국내기인,플라스틱류,"밧줄(꼬인 것, 어업용)",8,0.4,전남,PL,PL_2_25,2.0220531E7,남해안,34.328257,126.777491,34.32823,126.779133
526,2022.0,3차,완도신지도,국내기인,플라스틱류,그물,0,0,전남,PL,PL_2_26,2.0220531E7,남해안,34.328257,126.777491,34.32823,126.779133
527,2022.0,3차,완도신지도,국내기인,플라스틱류,낚싯줄,0,0,전남,PL,PL_2_27,2.0220531E7,남해안,34.328257,126.777491,34.32823,126.779133
528,2022.0,3차,완도신지도,외국기인,플라스틱류,그물,0,0,전남,PL,PL_2_49,2.0220531E7,남해안,34.328257,126.777491,34.32823,126.779133
297,2022.0,2차,완도신지도,국내기인,플라스틱류,"통발, 장어통발용 미끼통",2,0.1,전남,PL,PL_2_11,2.0220331E7,남해안,34.328257,126.777491,34.32823,126.779133
298,2022.0,2차,완도신지도,국내기인,플라스틱류,비닐봉지,0,0,전남,PL,PL_2_31,2.0220331E7,남해안,34.328257,126.777491,34.32823,126.779133
299,2022.0,2차,완도신지도,국내기인,플라스틱류,"비닐포장(빙과류, 과자봉지 등)",0,0,전남,PL,PL_2_32,2.0220331E7,남해안,34.328257,126.777491,34.32823,126.779133
300,2022.0,2차,완도신지도,국내기인,플라스틱류,필름형 풍선,0,0,전남,PL,PL_2_33,2.0220331E7,남해안,34.328257,126.777491,34.32823,126.779133
301,2022.0,2차,완도신지도,국내기인,플라스틱류,"밧줄(꼬인 것, 어업용)",8,0.4,전남,PL,PL_2_25,2.0220331E7,남해안,34.328257,126.777491,34.32823,126.779133
302,2022.0,2차,완도신지도,국내기인,플라스틱류,그물,1,0.05,전남,PL,PL_2_26,2.0220331E7,남해안,34.328257,126.777491,34.32823,126.779133
303,2022.0,2차,완도신지도,국내기인,플라스틱류,낚싯줄,0,0,전남,PL,PL_2_27,2.0220331E7,남해안,34.328257,126.777491,34.32823,126.779133
304,2022.0,2차,완도신지도,외국기인,플라스틱류,그물,0,0,전남,PL,PL_2_49,2.0220331E7,남해안,34.328257,126.777491,34.32823,126.779133
73,2022.0,4차,완도신지도,국내기인,플라스틱류,"통발, 장어통발용 미끼통",0,0,전남,PL,PL_2_11,2.0220731E7,남해안,34.328257,126.777491,34.32823,126.779133
74,2022.0,4차,완도신지도,국내기인,플라스틱류,비닐봉지,0,0,전남,PL,PL_2_31,2.0220731E7,남해안,34.328257,126.777491,34.32823,126.779133
75,2022.0,4차,완도신지도,국내기인,플라스틱류,"비닐포장(빙과류, 과자봉지 등)",0,0,전남,PL,PL_2_32,2.0220731E7,남해안,34.328257,126.777491,34.32823,126.779133
76,2022.0,4차,완도신지도,국내기인,플라스틱류,필름형 풍선,0,0,전남,PL,PL_2_33,2.0220731E7,남해안,34.328257,126.777491,34.32823,126.779133
77,2022.0,4차,완도신지도,국내기인,플라스틱류,"밧줄(꼬인 것, 어업용)",7,0.35,전남,PL,PL_2_25,2.0220731E7,남해안,34.328257,126.777491,34.32823,126.779133
78,2022.0,4차,완도신지도,국내기인,플라스틱류,그물,0,0,전남,PL,PL_2_26,2.0220731E7,남해안,34.328257,126.777491,34.32823,126.779133
79,2022.0,4차,완도신지도,국내기인,플라스틱류,낚싯줄,0,0,전남,PL,PL_2_27,2.0220731E7,남해안,34.328257,126.777491,34.32823,126.779133
80,2022.0,4차,완도신지도,외국기인,플라스틱류,그물,0,0,전남,PL,PL_2_49,2.0220731E7,남해안,34.328257,126.777491,34.32823,126.779133
409,2022.0,5차,완도신지도,국내기인,플라스틱류,"통발, 장어통발용 미끼통",0,0,전남,PL,PL_2_11,2.022093E7,남해안,34.328257,126.777491,34.32823,126.779133
410,2022.0,5차,완도신지도,국내기인,플라스틱류,비닐봉지,0,0,전남,PL,PL_2_31,2.022093E7,남해안,34.328257,126.777491,34.32823,126.779133
411,2022.0,5차,완도신지도,국내기인,플라스틱류,"비닐포장(빙과류, 과자봉지 등)",0,0,전남,PL,PL_2_32,2.022093E7,남해안,34.328257,126.777491,34.32823,126.779133
412,2022.0,5차,완도신지도,국내기인,플라스틱류,필름형 풍선,0,0,전남,PL,PL_2_33,2.022093E7,남해안,34.328257,126.777491,34.32823,126.779133
413,2022.0,5차,완도신지도,국내기인,플라스틱류,"밧줄(꼬인 것, 어업용)",13,0.65,전남,PL,PL_2_25,2.022093E7,남해안,34.328257,126.777491,34.32823,126.779133
414,2022.0,5차,완도신지도,국내기인,플라스틱류,그물,0,0,전남,PL,PL_2_26,2.022093E7,남해안,34.328257,126.777491,34.32823,126.779133
415,2022.0,5차,완도신지도,국내기인,플라스틱류,낚싯줄,3,0.15,전남,PL,PL_2_27,2.022093E7,남해안,34.328257,126.777491,34.32823,126.779133
416,2022.0,5차,완도신지도,외국기인,플라스틱류,그물,0,0,전남,PL,PL_2_49,2.022093E7,남해안,34.328257,126.777491,34.32823,126.779133
185,2022.0,6차,완도신지도,국내기인,플라스틱류,"통발, 장어통발용 미끼통",2,0.1,전남,PL,PL_2_11,2.022113E7,남해안,34.328257,126.777491,34.32823,126.779133
186,2022.0,6차,완도신지도,국내기인,플라스틱류,비닐봉지,0,0,전남,PL,PL_2_31,2.022113E7,남해안,34.328257,126.777491,34.32823,126.779133
187,2022.0,6차,완도신지도,국내기인,플라스틱류,"비닐포장(빙과류, 과자봉지 등)",0,0,전남,PL,PL_2_32,2.022113E7,남해안,34.328257,126.777491,34.32823,126.779133
188,2022.0,6차,완도신지도,국내기인,플라스틱류,필름형 풍선,0,0,전남,PL,PL_2_33,2.022113E7,남해안,34.328257,126.777491,34.32823,126.779133
189,2022.0,6차,완도신지도,국내기인,플라스틱류,"밧줄(꼬인 것, 어업용)",11,0.55,전남,PL,PL_2_25,2.022113E7,남해안,34.328257,126.777491,34.32823,126.779133
190,2022.0,6차,완도신지도,국내기인,플라스틱류,그물,0,0,전남,PL,PL_2_26,2.022113E7,남해안,34.328257,126.777491,34.32823,126.779133
191,2022.0,6차,완도신지도,국내기인,플라스틱류,낚싯줄,0,0,전남,PL,PL_2_27,2.022113E7,남해안,34.328257,126.777491,34.32823,126.779133
192,2022.0,6차,완도신지도,외국기인,플라스틱류,그물,0,0,전남,PL,PL_2_49,2.022113E7,남해안,34.328257,126.777491,34.32823,126.779133
529,2022.0,3차,제주김녕리,국내기인,플라스틱류,"통발, 장어통발용 미끼통",2,0.1,제주,PL,PL_2_11,2.0220531E7,남해안,33.565746,126.765561,33.565407,126.764416
530,2022.0,3차,제주김녕리,국내기인,플라스틱류,비닐봉지,26,1.3,제주,PL,PL_2_31,2.0220531E7,남해안,33.565746,126.765561,33.565407,126.764416
531,2022.0,3차,제주김녕리,국내기인,플라스틱류,"비닐포장(빙과류, 과자봉지 등)",5,0.25,제주,PL,PL_2_32,2.0220531E7,남해안,33.565746,126.765561,33.565407,126.764416
532,2022.0,3차,제주김녕리,국내기인,플라스틱류,필름형 풍선,0,0,제주,PL,PL_2_33,2.0220531E7,남해안,33.565746,126.765561,33.565407,126.764416
533,2022.0,3차,제주김녕리,국내기인,플라스틱류,"밧줄(꼬인 것, 어업용)",88,4.4,제주,PL,PL_2_25,2.0220531E7,남해안,33.565746,126.765561,33.565407,126.764416
534,2022.0,3차,제주김녕리,국내기인,플라스틱류,그물,1,0.05,제주,PL,PL_2_26,2.0220531E7,남해안,33.565746,126.765561,33.565407,126.764416
535,2022.0,3차,제주김녕리,국내기인,플라스틱류,낚싯줄,6,0.3,제주,PL,PL_2_27,2.0220531E7,남해안,33.565746,126.765561,33.565407,126.764416
536,2022.0,3차,제주김녕리,외국기인,플라스틱류,그물,0,0,제주,PL,PL_2_49,2.0220531E7,남해안,33.565746,126.765561,33.565407,126.764416
305,2022.0,2차,제주김녕리,국내기인,플라스틱류,"통발, 장어통발용 미끼통",3,0.15,제주,PL,PL_2_11,2.0220331E7,남해안,33.565746,126.765561,33.565407,126.764416
306,2022.0,2차,제주김녕리,국내기인,플라스틱류,비닐봉지,15,0.75,제주,PL,PL_2_31,2.0220331E7,남해안,33.565746,126.765561,33.565407,126.764416
307,2022.0,2차,제주김녕리,국내기인,플라스틱류,"비닐포장(빙과류, 과자봉지 등)",6,0.3,제주,PL,PL_2_32,2.0220331E7,남해안,33.565746,126.765561,33.565407,126.764416
308,2022.0,2차,제주김녕리,국내기인,플라스틱류,필름형 풍선,0,0,제주,PL,PL_2_33,2.0220331E7,남해안,33.565746,126.765561,33.565407,126.764416
309,2022.0,2차,제주김녕리,국내기인,플라스틱류,"밧줄(꼬인 것, 어업용)",76,3.8,제주,PL,PL_2_25,2.0220331E7,남해안,33.565746,126.765561,33.565407,126.764416
310,2022.0,2차,제주김녕리,국내기인,플라스틱류,그물,0,0,제주,PL,PL_2_26,2.0220331E7,남해안,33.565746,126.765561,33.565407,126.764416
311,2022.0,2차,제주김녕리,국내기인,플라스틱류,낚싯줄,0,0,제주,PL,PL_2_27,2.0220331E7,남해안,33.565746,126.765561,33.565407,126.764416
312,2022.0,2차,제주김녕리,외국기인,플라스틱류,그물,0,0,제주,PL,PL_2_49,2.0220331E7,남해안,33.565746,126.765561,33.565407,126.764416
81,2022.0,4차,제주김녕리,국내기인,플라스틱류,"통발, 장어통발용 미끼통",5,0.25,제주,PL,PL_2_11,2.0220731E7,남해안,33.565746,126.765561,33.565407,126.764416
82,2022.0,4차,제주김녕리,국내기인,플라스틱류,비닐봉지,2,0.1,제주,PL,PL_2_31,2.0220731E7,남해안,33.565746,126.765561,33.565407,126.764416
83,2022.0,4차,제주김녕리,국내기인,플라스틱류,"비닐포장(빙과류, 과자봉지 등)",0,0,제주,PL,PL_2_32,2.0220731E7,남해안,33.565746,126.765561,33.565407,126.764416
84,2022.0,4차,제주김녕리,국내기인,플라스틱류,필름형 풍선,0,0,제주,PL,PL_2_33,2.0220731E7,남해안,33.565746,126.765561,33.565407,126.764416
85,2022.0,4차,제주김녕리,국내기인,플라스틱류,"밧줄(꼬인 것, 어업용)",23,1.15,제주,PL,PL_2_25,2.0220731E7,남해안,33.565746,126.765561,33.565407,126.764416
86,2022.0,4차,제주김녕리,국내기인,플라스틱류,그물,1,0.05,제주,PL,PL_2_26,2.0220731E7,남해안,33.565746,126.765561,33.565407,126.764416
87,2022.0,4차,제주김녕리,국내기인,플라스틱류,낚싯줄,1,0.05,제주,PL,PL_2_27,2.0220731E7,남해안,33.565746,126.765561,33.565407,126.764416
88,2022.0,4차,제주김녕리,외국기인,플라스틱류,그물,0,0,제주,PL,PL_2_49,2.0220731E7,남해안,33.565746,126.765561,33.565407,126.764416
417,2022.0,5차,제주김녕리,국내기인,플라스틱류,"통발, 장어통발용 미끼통",1,0.05,제주,PL,PL_2_11,2.022093E7,남해안,33.565746,126.765561,33.565407,126.764416
418,2022.0,5차,제주김녕리,국내기인,플라스틱류,비닐봉지,1,0.05,제주,PL,PL_2_31,2.022093E7,남해안,33.565746,126.765561,33.565407,126.764416
419,2022.0,5차,제주김녕리,국내기인,플라스틱류,"비닐포장(빙과류, 과자봉지 등)",6,0.3,제주,PL,PL_2_32,2.022093E7,남해안,33.565746,126.765561,33.565407,126.764416
420,2022.0,5차,제주김녕리,국내기인,플라스틱류,필름형 풍선,0,0,제주,PL,PL_2_33,2.022093E7,남해안,33.565746,126.765561,33.565407,126.764416
421,2022.0,5차,제주김녕리,국내기인,플라스틱류,"밧줄(꼬인 것, 어업용)",17,0.85,제주,PL,PL_2_25,2.022093E7,남해안,33.565746,126.765561,33.565407,126.764416
422,2022.0,5차,제주김녕리,국내기인,플라스틱류,그물,0,0,제주,PL,PL_2_26,2.022093E7,남해안,33.565746,126.765561,33.565407,126.764416
423,2022.0,5차,제주김녕리,국내기인,플라스틱류,낚싯줄,4,0.2,제주,PL,PL_2_27,2.022093E7,남해안,33.565746,126.765561,33.565407,126.764416
424,2022.0,5차,제주김녕리,외국기인,플라스틱류,그물,0,0,제주,PL,PL_2_49,2.022093E7,남해안,33.565746,126.765561,33.565407,126.764416
193,2022.0,6차,제주김녕리,국내기인,플라스틱류,"통발, 장어통발용 미끼통",4,0.2,제주,PL,PL_2_11,2.022113E7,남해안,33.565746,126.765561,33.565407,126.764416
194,2022.0,6차,제주김녕리,국내기인,플라스틱류,비닐봉지,20,1,제주,PL,PL_2_31,2.022113E7,남해안,33.565746,126.765561,33.565407,126.764416
195,2022.0,6차,제주김녕리,국내기인,플라스틱류,"비닐포장(빙과류, 과자봉지 등)",1,0.05,제주,PL,PL_2_32,2.022113E7,남해안,33.565746,126.765561,33.565407,126.764416
196,2022.0,6차,제주김녕리,국내기인,플라스틱류,필름형 풍선,3,0.15,제주,PL,PL_2_33,2.022113E7,남해안,33.565746,126.765561,33.565407,126.764416
197,2022.0,6차,제주김녕리,국내기인,플라스틱류,"밧줄(꼬인 것, 어업용)",58,2.9,제주,PL,PL_2_25,2.022113E7,남해안,33.565746,126.765561,33.565407,126.764416
198,2022.0,6차,제주김녕리,국내기인,플라스틱류,그물,2,0.1,제주,PL,PL_2_26,2.022113E7,남해안,33.565746,126.765561,33.565407,126.764416
199,2022.0,6차,제주김녕리,국내기인,플라스틱류,낚싯줄,1,0.05,제주,PL,PL_2_27,2.022113E7,남해안,33.565746,126.765561,33.565407,126.764416
200,2022.0,6차,제주김녕리,외국기인,플라스틱류,그물,0,0,제주,PL,PL_2_49,2.022113E7,남해안,33.565746,126.765561,33.565407,126.764416
537,2022.0,3차,제주사계리,국내기인,플라스틱류,"통발, 장어통발용 미끼통",0,0,제주,PL,PL_2_11,2.0220531E7,남해안,33.222112,126.296288,33.223216,126.297093
538,2022.0,3차,제주사계리,국내기인,플라스틱류,비닐봉지,1,0.05,제주,PL,PL_2_31,2.0220531E7,남해안,33.222112,126.296288,33.223216,126.297093
539,2022.0,3차,제주사계리,국내기인,플라스틱류,"비닐포장(빙과류, 과자봉지 등)",2,0.1,제주,PL,PL_2_32,2.0220531E7,남해안,33.222112,126.296288,33.223216,126.297093
540,2022.0,3차,제주사계리,국내기인,플라스틱류,필름형 풍선,0,0,제주,PL,PL_2_33,2.0220531E7,남해안,33.222112,126.296288,33.223216,126.297093
541,2022.0,3차,제주사계리,국내기인,플라스틱류,"밧줄(꼬인 것, 어업용)",9,0.45,제주,PL,PL_2_25,2.0220531E7,남해안,33.222112,126.296288,33.223216,126.297093
542,2022.0,3차,제주사계리,국내기인,플라스틱류,그물,1,0.05,제주,PL,PL_2_26,2.0220531E7,남해안,33.222112,126.296288,33.223216,126.297093
543,2022.0,3차,제주사계리,국내기인,플라스틱류,낚싯줄,1,0.05,제주,PL,PL_2_27,2.0220531E7,남해안,33.222112,126.296288,33.223216,126.297093
544,2022.0,3차,제주사계리,외국기인,플라스틱류,그물,0,0,제주,PL,PL_2_49,2.0220531E7,남해안,33.222112,126.296288,33.223216,126.297093
313,2022.0,2차,제주사계리,국내기인,플라스틱류,"통발, 장어통발용 미끼통",3,0.15,제주,PL,PL_2_11,2.0220331E7,남해안,33.222112,126.296288,33.223216,126.297093
314,2022.0,2차,제주사계리,국내기인,플라스틱류,비닐봉지,2,0.1,제주,PL,PL_2_31,2.0220331E7,남해안,33.222112,126.296288,33.223216,126.297093
315,2022.0,2차,제주사계리,국내기인,플라스틱류,"비닐포장(빙과류, 과자봉지 등)",1,0.05,제주,PL,PL_2_32,2.0220331E7,남해안,33.222112,126.296288,33.223216,126.297093
316,2022.0,2차,제주사계리,국내기인,플라스틱류,필름형 풍선,0,0,제주,PL,PL_2_33,2.0220331E7,남해안,33.222112,126.296288,33.223216,126.297093
317,2022.0,2차,제주사계리,국내기인,플라스틱류,"밧줄(꼬인 것, 어업용)",26,1.3,제주,PL,PL_2_25,2.0220331E7,남해안,33.222112,126.296288,33.223216,126.297093
318,2022.0,2차,제주사계리,국내기인,플라스틱류,그물,0,0,제주,PL,PL_2_26,2.0220331E7,남해안,33.222112,126.296288,33.223216,126.297093
319,2022.0,2차,제주사계리,국내기인,플라스틱류,낚싯줄,0,0,제주,PL,PL_2_27,2.0220331E7,남해안,33.222112,126.296288,33.223216,126.297093
320,2022.0,2차,제주사계리,외국기인,플라스틱류,그물,0,0,제주,PL,PL_2_49,2.0220331E7,남해안,33.222112,126.296288,33.223216,126.297093
89,2022.0,4차,제주사계리,국내기인,플라스틱류,"통발, 장어통발용 미끼통",1,0.05,제주,PL,PL_2_11,2.0220731E7,남해안,33.222112,126.296288,33.223216,126.297093
90,2022.0,4차,제주사계리,국내기인,플라스틱류,비닐봉지,0,0,제주,PL,PL_2_31,2.0220731E7,남해안,33.222112,126.296288,33.223216,126.297093
91,2022.0,4차,제주사계리,국내기인,플라스틱류,"비닐포장(빙과류, 과자봉지 등)",2,0.1,제주,PL,PL_2_32,2.0220731E7,남해안,33.222112,126.296288,33.223216,126.297093
92,2022.0,4차,제주사계리,국내기인,플라스틱류,필름형 풍선,0,0,제주,PL,PL_2_33,2.0220731E7,남해안,33.222112,126.296288,33.223216,126.297093
93,2022.0,4차,제주사계리,국내기인,플라스틱류,"밧줄(꼬인 것, 어업용)",52,2.6,제주,PL,PL_2_25,2.0220731E7,남해안,33.222112,126.296288,33.223216,126.297093
94,2022.0,4차,제주사계리,국내기인,플라스틱류,그물,0,0,제주,PL,PL_2_26,2.0220731E7,남해안,33.222112,126.296288,33.223216,126.297093
95,2022.0,4차,제주사계리,국내기인,플라스틱류,낚싯줄,0,0,제주,PL,PL_2_27,2.0220731E7,남해안,33.222112,126.296288,33.223216,126.297093
96,2022.0,4차,제주사계리,외국기인,플라스틱류,그물,0,0,제주,PL,PL_2_49,2.0220731E7,남해안,33.222112,126.296288,33.223216,126.297093
425,2022.0,5차,제주사계리,국내기인,플라스틱류,"통발, 장어통발용 미끼통",0,0,제주,PL,PL_2_11,2.022093E7,남해안,33.222112,126.296288,33.223216,126.297093
426,2022.0,5차,제주사계리,국내기인,플라스틱류,비닐봉지,3,0.15,제주,PL,PL_2_31,2.022093E7,남해안,33.222112,126.296288,33.223216,126.297093
427,2022.0,5차,제주사계리,국내기인,플라스틱류,"비닐포장(빙과류, 과자봉지 등)",1,0.05,제주,PL,PL_2_32,2.022093E7,남해안,33.222112,126.296288,33.223216,126.297093
428,2022.0,5차,제주사계리,국내기인,플라스틱류,필름형 풍선,0,0,제주,PL,PL_2_33,2.022093E7,남해안,33.222112,126.296288,33.223216,126.297093
429,2022.0,5차,제주사계리,국내기인,플라스틱류,"밧줄(꼬인 것, 어업용)",13,0.65,제주,PL,PL_2_25,2.022093E7,남해안,33.222112,126.296288,33.223216,126.297093
430,2022.0,5차,제주사계리,국내기인,플라스틱류,그물,7,0.35,제주,PL,PL_2_26,2.022093E7,남해안,33.222112,126.296288,33.223216,126.297093
431,2022.0,5차,제주사계리,국내기인,플라스틱류,낚싯줄,3,0.15,제주,PL,PL_2_27,2.022093E7,남해안,33.222112,126.296288,33.223216,126.297093
432,2022.0,5차,제주사계리,외국기인,플라스틱류,그물,0,0,제주,PL,PL_2_49,2.022093E7,남해안,33.222112,126.296288,33.223216,126.297093
201,2022.0,6차,제주사계리,국내기인,플라스틱류,"통발, 장어통발용 미끼통",0,0,제주,PL,PL_2_11,2.022113E7,남해안,33.222112,126.296288,33.223216,126.297093
202,2022.0,6차,제주사계리,국내기인,플라스틱류,비닐봉지,1,0.05,제주,PL,PL_2_31,2.022113E7,남해안,33.222112,126.296288,33.223216,126.297093
203,2022.0,6차,제주사계리,국내기인,플라스틱류,"비닐포장(빙과류, 과자봉지 등)",3,0.15,제주,PL,PL_2_32,2.022113E7,남해안,33.222112,126.296288,33.223216,126.297093
204,2022.0,6차,제주사계리,국내기인,플라스틱류,필름형 풍선,0,0,제주,PL,PL_2_33,2.022113E7,남해안,33.222112,126.296288,33.223216,126.297093
205,2022.0,6차,제주사계리,국내기인,플라스틱류,"밧줄(꼬인 것, 어업용)",11,0.55,제주,PL,PL_2_25,2.022113E7,남해안,33.222112,126.296288,33.223216,126.297093
206,2022.0,6차,제주사계리,국내기인,플라스틱류,그물,0,0,제주,PL,PL_2_26,2.022113E7,남해안,33.222112,126.296288,33.223216,126.297093
207,2022.0,6차,제주사계리,국내기인,플라스틱류,낚싯줄,1,0.05,제주,PL,PL_2_27,2.022113E7,남해안,33.222112,126.296288,33.223216,126.297093
208,2022.0,6차,제주사계리,외국기인,플라스틱류,그물,0,0,제주,PL,PL_2_49,2.022113E7,남해안,33.222112,126.296288,33.223216,126.297093
545,2022.0,3차,통영망일봉,국내기인,플라스틱류,"통발, 장어통발용 미끼통",0,0,경남,PL,PL_2_11,2.0220531E7,남해안,34.844393,128.443972,34.843857,128.443373
546,2022.0,3차,통영망일봉,국내기인,플라스틱류,비닐봉지,9,0.45,경남,PL,PL_2_31,2.0220531E7,남해안,34.844393,128.443972,34.843857,128.443373
547,2022.0,3차,통영망일봉,국내기인,플라스틱류,"비닐포장(빙과류, 과자봉지 등)",3,0.15,경남,PL,PL_2_32,2.0220531E7,남해안,34.844393,128.443972,34.843857,128.443373
548,2022.0,3차,통영망일봉,국내기인,플라스틱류,필름형 풍선,0,0,경남,PL,PL_2_33,2.0220531E7,남해안,34.844393,128.443972,34.843857,128.443373
549,2022.0,3차,통영망일봉,국내기인,플라스틱류,"밧줄(꼬인 것, 어업용)",34,1.7,경남,PL,PL_2_25,2.0220531E7,남해안,34.844393,128.443972,34.843857,128.443373
550,2022.0,3차,통영망일봉,국내기인,플라스틱류,그물,0,0,경남,PL,PL_2_26,2.0220531E7,남해안,34.844393,128.443972,34.843857,128.443373
551,2022.0,3차,통영망일봉,국내기인,플라스틱류,낚싯줄,0,0,경남,PL,PL_2_27,2.0220531E7,남해안,34.844393,128.443972,34.843857,128.443373
552,2022.0,3차,통영망일봉,외국기인,플라스틱류,그물,0,0,경남,PL,PL_2_49,2.0220531E7,남해안,34.844393,128.443972,34.843857,128.443373
321,2022.0,2차,통영망일봉,국내기인,플라스틱류,"통발, 장어통발용 미끼통",1,0.05,경남,PL,PL_2_11,2.0220331E7,남해안,34.844393,128.443972,34.843857,128.443373
322,2022.0,2차,통영망일봉,국내기인,플라스틱류,비닐봉지,19,0.95,경남,PL,PL_2_31,2.0220331E7,남해안,34.844393,128.443972,34.843857,128.443373
323,2022.0,2차,통영망일봉,국내기인,플라스틱류,"비닐포장(빙과류, 과자봉지 등)",11,0.55,경남,PL,PL_2_32,2.0220331E7,남해안,34.844393,128.443972,34.843857,128.443373
324,2022.0,2차,통영망일봉,국내기인,플라스틱류,필름형 풍선,3,0.15,경남,PL,PL_2_33,2.0220331E7,남해안,34.844393,128.443972,34.843857,128.443373
325,2022.0,2차,통영망일봉,국내기인,플라스틱류,"밧줄(꼬인 것, 어업용)",26,1.3,경남,PL,PL_2_25,2.0220331E7,남해안,34.844393,128.443972,34.843857,128.443373
326,2022.0,2차,통영망일봉,국내기인,플라스틱류,그물,0,0,경남,PL,PL_2_26,2.0220331E7,남해안,34.844393,128.443972,34.843857,128.443373
327,2022.0,2차,통영망일봉,국내기인,플라스틱류,낚싯줄,0,0,경남,PL,PL_2_27,2.0220331E7,남해안,34.844393,128.443972,34.843857,128.443373
328,2022.0,2차,통영망일봉,외국기인,플라스틱류,그물,0,0,경남,PL,PL_2_49,2.0220331E7,남해안,34.844393,128.443972,34.843857,128.443373
97,2022.0,4차,통영망일봉,국내기인,플라스틱류,"통발, 장어통발용 미끼통",1,0.05,경남,PL,PL_2_11,2.0220731E7,남해안,34.844393,128.443972,34.843857,128.443373
98,2022.0,4차,통영망일봉,국내기인,플라스틱류,비닐봉지,1,0.05,경남,PL,PL_2_31,2.0220731E7,남해안,34.844393,128.443972,34.843857,128.443373
99,2022.0,4차,통영망일봉,국내기인,플라스틱류,"비닐포장(빙과류, 과자봉지 등)",2,0.1,경남,PL,PL_2_32,2.0220731E7,남해안,34.844393,128.443972,34.843857,128.443373
100,2022.0,4차,통영망일봉,국내기인,플라스틱류,필름형 풍선,0,0,경남,PL,PL_2_33,2.0220731E7,남해안,34.844393,128.443972,34.843857,128.443373
101,2022.0,4차,통영망일봉,국내기인,플라스틱류,"밧줄(꼬인 것, 어업용)",16,0.8,경남,PL,PL_2_25,2.0220731E7,남해안,34.844393,128.443972,34.843857,128.443373
102,2022.0,4차,통영망일봉,국내기인,플라스틱류,그물,0,0,경남,PL,PL_2_26,2.0220731E7,남해안,34.844393,128.443972,34.843857,128.443373
103,2022.0,4차,통영망일봉,국내기인,플라스틱류,낚싯줄,0,0,경남,PL,PL_2_27,2.0220731E7,남해안,34.844393,128.443972,34.843857,128.443373
104,2022.0,4차,통영망일봉,외국기인,플라스틱류,그물,0,0,경남,PL,PL_2_49,2.0220731E7,남해안,34.844393,128.443972,34.843857,128.443373
433,2022.0,5차,통영망일봉,국내기인,플라스틱류,"통발, 장어통발용 미끼통",0,0,경남,PL,PL_2_11,2.022093E7,남해안,34.844393,128.443972,34.843857,128.443373
434,2022.0,5차,통영망일봉,국내기인,플라스틱류,비닐봉지,72,3.6,경남,PL,PL_2_31,2.022093E7,남해안,34.844393,128.443972,34.843857,128.443373
435,2022.0,5차,통영망일봉,국내기인,플라스틱류,"비닐포장(빙과류, 과자봉지 등)",22,1.1,경남,PL,PL_2_32,2.022093E7,남해안,34.844393,128.443972,34.843857,128.443373
436,2022.0,5차,통영망일봉,국내기인,플라스틱류,필름형 풍선,0,0,경남,PL,PL_2_33,2.022093E7,남해안,34.844393,128.443972,34.843857,128.443373
437,2022.0,5차,통영망일봉,국내기인,플라스틱류,"밧줄(꼬인 것, 어업용)",55,2.75,경남,PL,PL_2_25,2.022093E7,남해안,34.844393,128.443972,34.843857,128.443373
438,2022.0,5차,통영망일봉,국내기인,플라스틱류,그물,1,0.05,경남,PL,PL_2_26,2.022093E7,남해안,34.844393,128.443972,34.843857,128.443373
439,2022.0,5차,통영망일봉,국내기인,플라스틱류,낚싯줄,0,0,경남,PL,PL_2_27,2.022093E7,남해안,34.844393,128.443972,34.843857,128.443373
440,2022.0,5차,통영망일봉,외국기인,플라스틱류,그물,0,0,경남,PL,PL_2_49,2.022093E7,남해안,34.844393,128.443972,34.843857,128.443373
209,2022.0,6차,통영망일봉,국내기인,플라스틱류,"통발, 장어통발용 미끼통",0,0,경남,PL,PL_2_11,2.022113E7,남해안,34.844393,128.443972,34.843857,128.443373
210,2022.0,6차,통영망일봉,국내기인,플라스틱류,비닐봉지,5,0.25,경남,PL,PL_2_31,2.022113E7,남해안,34.844393,128.443972,34.843857,128.443373
211,2022.0,6차,통영망일봉,국내기인,플라스틱류,"비닐포장(빙과류, 과자봉지 등)",2,0.1,경남,PL,PL_2_32,2.022113E7,남해안,34.844393,128.443972,34.843857,128.443373
212,2022.0,6차,통영망일봉,국내기인,플라스틱류,필름형 풍선,0,0,경남,PL,PL_2_33,2.022113E7,남해안,34.844393,128.443972,34.843857,128.443373
213,2022.0,6차,통영망일봉,국내기인,플라스틱류,"밧줄(꼬인 것, 어업용)",22,1.1,경남,PL,PL_2_25,2.022113E7,남해안,34.844393,128.443972,34.843857,128.443373
214,2022.0,6차,통영망일봉,국내기인,플라스틱류,그물,0,0,경남,PL,PL_2_26,2.022113E7,남해안,34.844393,128.443972,34.843857,128.443373
215,2022.0,6차,통영망일봉,국내기인,플라스틱류,낚싯줄,0,0,경남,PL,PL_2_27,2.022113E7,남해안,34.844393,128.443972,34.843857,128.443373
216,2022.0,6차,통영망일봉,외국기인,플라스틱류,그물,0,0,경남,PL,PL_2_49,2.022113E7,남해안,34.844393,128.443972,34.843857,128.443373
553,2022.0,3차,해남묵동리,국내기인,플라스틱류,"통발, 장어통발용 미끼통",2,0.1,전남,PL,PL_2_11,2.0220531E7,남해안,34.353639,126.611089,34.352882,126.610013
554,2022.0,3차,해남묵동리,국내기인,플라스틱류,비닐봉지,0,0,전남,PL,PL_2_31,2.0220531E7,남해안,34.353639,126.611089,34.352882,126.610013
555,2022.0,3차,해남묵동리,국내기인,플라스틱류,"비닐포장(빙과류, 과자봉지 등)",0,0,전남,PL,PL_2_32,2.0220531E7,남해안,34.353639,126.611089,34.352882,126.610013
556,2022.0,3차,해남묵동리,국내기인,플라스틱류,필름형 풍선,0,0,전남,PL,PL_2_33,2.0220531E7,남해안,34.353639,126.611089,34.352882,126.610013
557,2022.0,3차,해남묵동리,국내기인,플라스틱류,"밧줄(꼬인 것, 어업용)",0,0,전남,PL,PL_2_25,2.0220531E7,남해안,34.353639,126.611089,34.352882,126.610013
558,2022.0,3차,해남묵동리,국내기인,플라스틱류,그물,0,0,전남,PL,PL_2_26,2.0220531E7,남해안,34.353639,126.611089,34.352882,126.610013
559,2022.0,3차,해남묵동리,국내기인,플라스틱류,낚싯줄,0,0,전남,PL,PL_2_27,2.0220531E7,남해안,34.353639,126.611089,34.352882,126.610013
560,2022.0,3차,해남묵동리,외국기인,플라스틱류,그물,0,0,전남,PL,PL_2_49,2.0220531E7,남해안,34.353639,126.611089,34.352882,126.610013
329,2022.0,2차,해남묵동리,국내기인,플라스틱류,"통발, 장어통발용 미끼통",0,0,전남,PL,PL_2_11,2.0220331E7,남해안,34.353639,126.611089,34.352882,126.610013
330,2022.0,2차,해남묵동리,국내기인,플라스틱류,비닐봉지,7,0.35,전남,PL,PL_2_31,2.0220331E7,남해안,34.353639,126.611089,34.352882,126.610013
331,2022.0,2차,해남묵동리,국내기인,플라스틱류,"비닐포장(빙과류, 과자봉지 등)",0,0,전남,PL,PL_2_32,2.0220331E7,남해안,34.353639,126.611089,34.352882,126.610013
332,2022.0,2차,해남묵동리,국내기인,플라스틱류,필름형 풍선,0,0,전남,PL,PL_2_33,2.0220331E7,남해안,34.353639,126.611089,34.352882,126.610013
333,2022.0,2차,해남묵동리,국내기인,플라스틱류,"밧줄(꼬인 것, 어업용)",0,0,전남,PL,PL_2_25,2.0220331E7,남해안,34.353639,126.611089,34.352882,126.610013
334,2022.0,2차,해남묵동리,국내기인,플라스틱류,그물,0,0,전남,PL,PL_2_26,2.0220331E7,남해안,34.353639,126.611089,34.352882,126.610013
335,2022.0,2차,해남묵동리,국내기인,플라스틱류,낚싯줄,0,0,전남,PL,PL_2_27,2.0220331E7,남해안,34.353639,126.611089,34.352882,126.610013
336,2022.0,2차,해남묵동리,외국기인,플라스틱류,그물,0,0,전남,PL,PL_2_49,2.0220331E7,남해안,34.353639,126.611089,34.352882,126.610013
105,2022.0,4차,해남묵동리,국내기인,플라스틱류,"통발, 장어통발용 미끼통",1,0.05,전남,PL,PL_2_11,2.0220731E7,남해안,34.353639,126.611089,34.352882,126.610013
106,2022.0,4차,해남묵동리,국내기인,플라스틱류,비닐봉지,8,0.4,전남,PL,PL_2_31,2.0220731E7,남해안,34.353639,126.611089,34.352882,126.610013
107,2022.0,4차,해남묵동리,국내기인,플라스틱류,"비닐포장(빙과류, 과자봉지 등)",0,0,전남,PL,PL_2_32,2.0220731E7,남해안,34.353639,126.611089,34.352882,126.610013
108,2022.0,4차,해남묵동리,국내기인,플라스틱류,필름형 풍선,0,0,전남,PL,PL_2_33,2.0220731E7,남해안,34.353639,126.611089,34.352882,126.610013
109,2022.0,4차,해남묵동리,국내기인,플라스틱류,"밧줄(꼬인 것, 어업용)",1,0.05,전남,PL,PL_2_25,2.0220731E7,남해안,34.353639,126.611089,34.352882,126.610013
110,2022.0,4차,해남묵동리,국내기인,플라스틱류,그물,1,0.05,전남,PL,PL_2_26,2.0220731E7,남해안,34.353639,126.611089,34.352882,126.610013
111,2022.0,4차,해남묵동리,국내기인,플라스틱류,낚싯줄,0,0,전남,PL,PL_2_27,2.0220731E7,남해안,34.353639,126.611089,34.352882,126.610013
112,2022.0,4차,해남묵동리,외국기인,플라스틱류,그물,0,0,전남,PL,PL_2_49,2.0220731E7,남해안,34.353639,126.611089,34.352882,126.610013
441,2022.0,5차,해남묵동리,국내기인,플라스틱류,"통발, 장어통발용 미끼통",3,0.15,전남,PL,PL_2_11,2.022093E7,남해안,34.353639,126.611089,34.352882,126.610013
442,2022.0,5차,해남묵동리,국내기인,플라스틱류,비닐봉지,2,0.1,전남,PL,PL_2_31,2.022093E7,남해안,34.353639,126.611089,34.352882,126.610013
443,2022.0,5차,해남묵동리,국내기인,플라스틱류,"비닐포장(빙과류, 과자봉지 등)",0,0,전남,PL,PL_2_32,2.022093E7,남해안,34.353639,126.611089,34.352882,126.610013
444,2022.0,5차,해남묵동리,국내기인,플라스틱류,필름형 풍선,0,0,전남,PL,PL_2_33,2.022093E7,남해안,34.353639,126.611089,34.352882,126.610013
445,2022.0,5차,해남묵동리,국내기인,플라스틱류,"밧줄(꼬인 것, 어업용)",10,0.5,전남,PL,PL_2_25,2.022093E7,남해안,34.353639,126.611089,34.352882,126.610013
446,2022.0,5차,해남묵동리,국내기인,플라스틱류,그물,0,0,전남,PL,PL_2_26,2.022093E7,남해안,34.353639,126.611089,34.352882,126.610013
447,2022.0,5차,해남묵동리,국내기인,플라스틱류,낚싯줄,0,0,전남,PL,PL_2_27,2.022093E7,남해안,34.353639,126.611089,34.352882,126.610013
448,2022.0,5차,해남묵동리,외국기인,플라스틱류,그물,0,0,전남,PL,PL_2_49,2.022093E7,남해안,34.353639,126.611089,34.352882,126.610013
217,2022.0,6차,해남묵동리,국내기인,플라스틱류,"통발, 장어통발용 미끼통",0,0,전남,PL,PL_2_11,2.022113E7,남해안,34.353639,126.611089,34.352882,126.610013
218,2022.0,6차,해남묵동리,국내기인,플라스틱류,비닐봉지,0,0,전남,PL,PL_2_31,2.022113E7,남해안,34.353639,126.611089,34.352882,126.610013
219,2022.0,6차,해남묵동리,국내기인,플라스틱류,"비닐포장(빙과류, 과자봉지 등)",0,0,전남,PL,PL_2_32,2.022113E7,남해안,34.353639,126.611089,34.352882,126.610013
220,2022.0,6차,해남묵동리,국내기인,플라스틱류,필름형 풍선,0,0,전남,PL,PL_2_33,2.022113E7,남해안,34.353639,126.611089,34.352882,126.610013
221,2022.0,6차,해남묵동리,국내기인,플라스틱류,"밧줄(꼬인 것, 어업용)",1,0.05,전남,PL,PL_2_25,2.022113E7,남해안,34.353639,126.611089,34.352882,126.610013
222,2022.0,6차,해남묵동리,국내기인,플라스틱류,그물,0,0,전남,PL,PL_2_26,2.022113E7,남해안,34.353639,126.611089,34.352882,126.610013
223,2022.0,6차,해남묵동리,국내기인,플라스틱류,낚싯줄,0,0,전남,PL,PL_2_27,2.022113E7,남해안,34.353639,126.611089,34.352882,126.610013
224,2022.0,6차,해남묵동리,외국기인,플라스틱류,그물,0,0,전남,PL,PL_2_49,2.022113E7,남해안,34.353639,126.611089,34.352882,126.610013